Country,Year,Population,Population_predicted
Afghanistan,1995,19446,21488
Afghanistan,2000,22462,23551
Afghanistan,2005,26335,25615
Afghanistan,2010,29121,27678
Afghanistan,2015,32565,29741
Afghanistan,2020,36644,31805
Albania,1995,3159,2892
Albania,2000,3159,3022
Albania,2005,3025,3151
Albania,2010,2987,3281
Albania,2015,3030,3411
Albania,2020,3075,3541
Algeria,1995,28322,28055
Algeria,2000,30639,30788
Algeria,2005,32918,33521
Algeria,2010,35950,36254
Algeria,2015,39543,38987
Algeria,2020,42973,41720
American Samoa,1995,54,45
American Samoa,2000,58,49
American Samoa,2005,57,52
American Samoa,2010,56,56
American Samoa,2015,55,59
American Samoa,2020,54,62
Andorra,1995,64,57
Andorra,2000,66,64
Andorra,2005,77,71
Andorra,2010,85,79
Andorra,2015,86,86
Andorra,2020,86,93
Angola,1995,11000,12465
Angola,2000,12683,13880
Angola,2005,14770,15296
Angola,2010,17043,16711
Angola,2015,19626,18127
Angola,2020,22485,19542
Anguilla,1995,10,11
Anguilla,2000,12,12
Anguilla,2005,14,13
Anguilla,2010,15,14
Anguilla,2015,17,15
Anguilla,2020,19,16
Antigua and Barbuda,1995,69,76
Antigua and Barbuda,2000,76,79
Antigua and Barbuda,2005,82,82
Antigua and Barbuda,2010,87,85
Antigua and Barbuda,2015,93,88
Antigua and Barbuda,2020,99,91
Argentina,1995,35274,34921
Argentina,2000,37336,37033
Argentina,2005,39182,39145
Argentina,2010,41344,41257
Argentina,2015,43432,43369
Argentina,2020,45379,45482
Armenia,1995,3131,3075
Armenia,2000,3101,3168
Armenia,2005,3085,3261
Armenia,2010,3072,3354
Armenia,2015,3057,3447
Armenia,2020,3022,3540
Aruba,1995,80,82
Aruba,2000,90,87
Aruba,2005,97,92
Aruba,2010,105,97
Aruba,2015,113,103
Aruba,2020,120,108
Australia,1995,17976,18110
Australia,2000,19054,19226
Australia,2005,20233,20343
Australia,2010,21516,21459
Australia,2015,22752,22576
Australia,2020,23939,23693
Austria,1995,8048,8034
Austria,2000,8114,8174
Austria,2005,8315,8313
Austria,2010,8448,8452
Austria,2015,8666,8592
Austria,2020,8860,8731
Azerbaijan,1995,8051,7808
Azerbaijan,2000,8464,8338
Azerbaijan,2005,8826,8869
Azerbaijan,2010,9302,9399
Azerbaijan,2015,9781,9930
Azerbaijan,2020,10206,10460
Bahamas,1995,266,259
Bahamas,2000,283,277
Bahamas,2005,297,296
Bahamas,2010,311,314
Bahamas,2015,325,333
Bahamas,2020,338,352
Bahrain,1995,583,734
Bahrain,2000,655,841
Bahrain,2005,916,948
Bahrain,2010,1181,1054
Bahrain,2015,1347,1161
Bahrain,2020,1506,1267
Bangladesh,1995,121443,120859
Bangladesh,2000,132151,130975
Bangladesh,2005,144139,141090
Bangladesh,2010,156119,151205
Bangladesh,2015,168958,161320
Bangladesh,2020,169778,171435
Barbados,1995,268,268
Barbados,2000,274,273
Barbados,2005,281,279
Barbados,2010,286,284
Barbados,2015,291,290
Barbados,2020,295,295
Belarus,1995,10205,9698
Belarus,2000,10034,9818
Belarus,2005,9807,9938
Belarus,2010,9681,10058
Belarus,2015,9590,10177
Belarus,2020,9478,10297
Belgium,1995,10156,10380
Belgium,2000,10264,10560
Belgium,2005,10470,10739
Belgium,2010,10866,10919
Belgium,2015,11324,11099
Belgium,2020,11721,11279
Belize,1995,218,233
Belize,2000,249,256
Belize,2005,282,280
Belize,2010,315,303
Belize,2015,348,326
Belize,2020,380,350
Benin,1995,5647,6416
Benin,2000,6620,7206
Benin,2005,7778,7997
Benin,2010,9057,8787
Benin,2015,10449,9578
Benin,2020,11957,10368
Bermuda,1995,61,61
Bermuda,2000,64,63
Bermuda,2005,66,65
Bermuda,2010,69,67
Bermuda,2015,71,69
Bermuda,2020,72,71
Bhutan,1995,567,577
Bhutan,2000,606,626
Bhutan,2005,655,675
Bhutan,2010,700,724
Bhutan,2015,742,773
Bhutan,2020,783,822
Bolivia,1995,7375,7678
Bolivia,2000,8196,8355
Bolivia,2005,9073,9031
Bolivia,2010,9948,9707
Bolivia,2015,10801,10383
Bolivia,2020,11640,11059
Bosnia and Herzegovina,1995,3547,3905
Bosnia and Herzegovina,2000,3806,3940
Bosnia and Herzegovina,2005,3894,3975
Bosnia and Herzegovina,2010,3885,4009
Bosnia and Herzegovina,2015,3868,4044
Bosnia and Herzegovina,2020,3836,4078
Botswana,1995,1478,1459
Botswana,2000,1680,1621
Botswana,2005,1841,1783
Botswana,2010,2030,1944
Botswana,2015,2183,2106
Botswana,2020,2313,2268
Brazil,1995,161912,158772
Brazil,2000,174316,171215
Brazil,2005,186021,183658
Brazil,2010,195835,196100
Brazil,2015,204260,208543
Brazil,2020,216016,220986
British Virgin Islands,1995,20,21
British Virgin Islands,2000,23,23
British Virgin Islands,2005,26,26
British Virgin Islands,2010,30,28
British Virgin Islands,2015,34,31
British Virgin Islands,2020,38,33
Brunei,1995,288,292
Brunei,2000,326,324
Brunei,2005,362,357
Brunei,2010,396,389
Brunei,2015,430,421
Brunei,2020,465,454
Bulgaria,1995,8285,8098
Bulgaria,2000,7909,8011
Bulgaria,2005,7612,7923
Bulgaria,2010,7392,7836
Bulgaria,2015,7187,7748
Bulgaria,2020,6967,7660
Burkina Faso,1995,9903,11683
Burkina Faso,2000,11588,13032
Burkina Faso,2005,13904,14380
Burkina Faso,2010,16242,15729
Burkina Faso,2015,18932,17077
Burkina Faso,2020,21978,18426
Burundi,1995,5800,6978
Burundi,2000,6716,7724
Burundi,2005,7789,8469
Burundi,2010,9121,9215
Burundi,2015,10743,9960
Burundi,2020,12632,10706
Cambodia,1995,11235,11190
Cambodia,2000,12352,12099
Cambodia,2005,13298,13007
Cambodia,2010,14454,13916
Cambodia,2015,15709,14825
Cambodia,2020,16927,15734
Cameroon,1995,13828,15219
Cameroon,2000,15818,16949
Cameroon,2005,18132,18679
Cameroon,2010,20823,20409
Cameroon,2015,23740,22140
Cameroon,2020,26970,23870
Canada,1995,29691,29196
Canada,2000,31100,30714
Canada,2005,32387,32231
Canada,2010,33760,33749
Canada,2015,35100,35267
Canada,2020,36388,36784
Cape Verde,1995,386,402
Cape Verde,2000,431,432
Cape Verde,2005,471,463
Cape Verde,2010,509,494
Cape Verde,2015,546,525
Cape Verde,2020,584,555
Cayman Islands,1995,33,34
Cayman Islands,2000,39,39
Cayman Islands,2005,45,43
Cayman Islands,2010,51,48
Cayman Islands,2015,57,52
Cayman Islands,2020,62,57
Central African Republic,1995,3545,3688
Central African Republic,2000,3980,4061
Central African Republic,2005,4364,4435
Central African Republic,2010,4845,4808
Central African Republic,2015,5392,5181
Central African Republic,2020,5991,5555
Chad,1995,6770,7535
Chad,2000,7943,8332
Chad,2005,9401,9129
Chad,2010,10544,9926
Chad,2015,11632,10723
Chad,2020,12756,11520
Chile,1995,14173,13898
Chile,2000,15175,14804
Chile,2005,15980,15709
Chile,2010,16760,16614
Chile,2015,17509,17520
Chile,2020,18187,18425
China,1995,1221056,1161047
China,2000,1268302,1226610
China,2005,1302285,1292173
China,2010,1336681,1357736
China,2015,1367486,1423299
China,2020,1397026,1488862
Colombia,1995,36532,35595
Colombia,2000,38911,38413
Colombia,2005,41488,41230
Colombia,2010,44206,44048
Colombia,2015,46737,46865
Colombia,2020,49085,49683
Comoros,1995,483,516
Comoros,2000,546,571
Comoros,2005,624,626
Comoros,2010,707,681
Comoros,2015,781,736
Comoros,2020,847,792
Cook Islands,1995,19,16
Cook Islands,2000,17,15
Cook Islands,2005,14,14
Cook Islands,2010,12,13
Cook Islands,2015,10,12
Cook Islands,2020,9,12
Costa Rica,1995,3445,3415
Costa Rica,2000,3883,3747
Costa Rica,2005,4209,4079
Costa Rica,2010,4517,4411
Costa Rica,2015,4815,4743
Costa Rica,2020,5098,5075
Croatia,1995,4497,4417
Croatia,2000,4411,4454
Croatia,2005,4496,4491
Croatia,2010,4487,4527
Croatia,2015,4465,4564
Croatia,2020,4428,4601
Cuba,1995,10848,10308
Cuba,2000,11072,10651
Cuba,2005,11199,10994
Cuba,2010,11099,11337
Cuba,2015,11032,11681
Cuba,2020,10932,12024
Curaçao,1995,142,145
Curaçao,2000,134,146
Curaçao,2005,137,147
Curaçao,2010,144,149
Curaçao,2015,149,150
Curaçao,2020,152,151
Cyprus,1995,848,880
Cyprus,2000,920,936
Cyprus,2005,1011,993
Cyprus,2010,1103,1049
Cyprus,2015,1190,1106
Cyprus,2020,1267,1162
Czech Republic,1995,10324,10314
Czech Republic,2000,10269,10394
Czech Republic,2005,10267,10473
Czech Republic,2010,10551,10553
Czech Republic,2015,10645,10632
Czech Republic,2020,10703,10712
Democratic Republic of the Congo,1995,46705,50406
Democratic Republic of the Congo,2000,52446,56293
Democratic Republic of the Congo,2005,60699,62180
Democratic Republic of the Congo,2010,69852,68066
Democratic Republic of the Congo,2015,79376,73953
Democratic Republic of the Congo,2020,89250,79840
Denmark,1995,5233,5269
Denmark,2000,5338,5349
Denmark,2005,5433,5428
Denmark,2010,5516,5508
Denmark,2015,5582,5588
Denmark,2020,5643,5668
Djibouti,1995,554,547
Djibouti,2000,670,616
Djibouti,2005,667,686
Djibouti,2010,741,755
Djibouti,2015,829,825
Djibouti,2020,922,894
Dominica,1995,72,72
Dominica,2000,71,73
Dominica,2005,73,74
Dominica,2010,73,75
Dominica,2015,74,76
Dominica,2020,75,77
Dominican Republic,1995,7759,7765
Dominican Republic,2000,8469,8429
Dominican Republic,2005,9165,9093
Dominican Republic,2010,9824,9757
Dominican Republic,2015,10479,10421
Dominican Republic,2020,11110,11085
Ecuador,1995,11266,11383
Ecuador,2000,12446,12447
Ecuador,2005,13663,13512
Ecuador,2010,14791,14576
Ecuador,2015,15869,15641
Ecuador,2020,16905,16705
Egypt,1995,58946,63059
Egypt,2000,65159,68974
Egypt,2005,72544,74888
Egypt,2010,80472,80803
Egypt,2015,88488,86717
Egypt,2020,99667,92632
El Salvador,1995,5480,5191
El Salvador,2000,5850,5507
El Salvador,2005,5957,5823
El Salvador,2010,6053,6139
El Salvador,2015,6142,6454
El Salvador,2020,6218,6770
Equatorial Guinea,1995,427,477
Equatorial Guinea,2000,492,525
Equatorial Guinea,2005,568,573
Equatorial Guinea,2010,651,622
Equatorial Guinea,2015,741,670
Equatorial Guinea,2020,837,718
Eritrea,1995,3566,4184
Eritrea,2000,4198,4630
Eritrea,2005,5070,5076
Eritrea,2010,5793,5521
Eritrea,2015,6528,5967
Eritrea,2020,7260,6413
Estonia,1995,1447,1391
Estonia,2000,1380,1392
Estonia,2005,1332,1394
Estonia,2010,1303,1395
Estonia,2015,1266,1396
Estonia,2020,1229,1397
Eswatini,1995,1004,989
Eswatini,2000,1144,1092
Eswatini,2005,1259,1196
Eswatini,2010,1355,1299
Eswatini,2015,1436,1402
Eswatini,2020,1514,1506
Ethiopia,1995,55726,63181
Ethiopia,2000,64366,70298
Ethiopia,2005,74355,77416
Ethiopia,2010,86043,84533
Ethiopia,2015,99466,91650
Ethiopia,2020,114641,98767
Faroe Islands,1995,44,46
Faroe Islands,2000,46,47
Faroe Islands,2005,49,49
Faroe Islands,2010,50,50
Faroe Islands,2015,51,51
Faroe Islands,2020,52,53
Federated States of Micronesia,1995,106,94
Federated States of Micronesia,2000,108,100
Federated States of Micronesia,2005,109,106
Federated States of Micronesia,2010,108,112
Federated States of Micronesia,2015,106,118
Federated States of Micronesia,2020,103,124
Fiji,1995,773,752
Fiji,2000,805,798
Fiji,2005,837,843
Fiji,2010,876,888
Fiji,2015,910,934
Fiji,2020,936,979
Finland,1995,5105,5085
Finland,2000,5169,5178
Finland,2005,5239,5271
Finland,2010,5355,5364
Finland,2015,5477,5457
Finland,2020,5572,5550
France,1995,59824,59841
France,2000,61256,61522
France,2005,63060,63204
France,2010,64941,64885
France,2015,66554,66566
France,2020,67849,68247
French Polynesia,1995,217,211
French Polynesia,2000,236,230
French Polynesia,2005,254,248
French Polynesia,2010,269,267
French Polynesia,2015,283,286
French Polynesia,2020,296,305
Gabon,1995,1070,1143
Gabon,2000,1237,1263
Gabon,2005,1396,1384
Gabon,2010,1546,1504
Gabon,2015,1706,1624
Gabon,2020,1877,1744
Gambia,1995,1162,1226
Gambia,2000,1357,1377
Gambia,2005,1548,1529
Gambia,2010,1756,1681
Gambia,2015,1968,1832
Gambia,2020,2174,1984
Georgia,1995,5042,4973
Georgia,2000,4819,5026
Georgia,2005,4791,5078
Georgia,2010,4903,5131
Georgia,2015,4932,5183
Georgia,2020,4931,5235
Germany,1995,81654,80351
Germany,2000,82184,81136
Germany,2005,82440,81921
Germany,2010,81645,82706
Germany,2015,80855,83491
Germany,2020,82983,84276
Ghana,1995,17322,18051
Ghana,2000,18982,19890
Ghana,2005,21107,21728
Ghana,2010,23572,23567
Ghana,2015,26328,25405
Ghana,2020,29341,27244
Gibraltar,1995,27,28
Gibraltar,2000,28,29
Gibraltar,2005,29,29
Gibraltar,2010,29,29
Gibraltar,2015,30,30
Gibraltar,2020,30,30
Greece,1995,10458,10109
Greece,2000,10560,10338
Greece,2005,10669,10567
Greece,2010,10750,10796
Greece,2015,10776,11024
Greece,2020,10743,11253
Greenland,1995,57,54
Greenland,2000,57,56
Greenland,2005,58,58
Greenland,2010,58,60
Greenland,2015,58,62
Greenland,2020,58,64
Grenada,1995,98,100
Grenada,2000,102,102
Grenada,2005,105,104
Grenada,2010,108,105
Grenada,2015,111,107
Grenada,2020,114,109
Guam,1995,145,136
Guam,2000,156,145
Guam,2005,159,154
Guam,2010,160,163
Guam,2015,162,173
Guam,2020,169,182
Guatemala,1995,10028,10288
Guatemala,2000,11086,11297
Guatemala,2005,12183,12306
Guatemala,2010,13551,13315
Guatemala,2015,14919,14324
Guatemala,2020,16265,15333
Guernsey,1995,61,60
Guernsey,2000,62,62
Guernsey,2005,64,64
Guernsey,2010,65,65
Guernsey,2015,67,67
Guernsey,2020,68,69
Guinea,1995,7446,7759
Guinea,2000,8351,8606
Guinea,2005,9154,9452
Guinea,2010,10325,10299
Guinea,2015,11781,11146
Guinea,2020,13420,11992
Guinea-Bissau,1995,1144,1194
Guinea-Bissau,2000,1279,1303
Guinea-Bissau,2005,1415,1412
Guinea-Bissau,2010,1566,1521
Guinea-Bissau,2015,1727,1630
Guinea-Bissau,2020,1893,1740
Guyana,1995,769,754
Guyana,2000,785,766
Guyana,2005,775,778
Guyana,2010,746,791
Guyana,2015,736,803
Guyana,2020,751,815
Haiti,1995,7571,7597
Haiti,2000,8413,8206
Haiti,2005,9205,8814
Haiti,2010,9649,9423
Haiti,2015,10111,10031
Haiti,2020,10693,10639
Honduras,1995,5551,5765
Honduras,2000,6360,6396
Honduras,2005,7194,7028
Honduras,2010,7990,7660
Honduras,2015,8747,8291
Honduras,2020,9466,8923
Hong Kong,1995,6223,5937
Hong Kong,2000,6656,6307
Hong Kong,2005,6905,6676
Hong Kong,2010,7030,7046
Hong Kong,2015,7142,7415
Hong Kong,2020,7250,7785
Hungary,1995,10281,10226
Hungary,2000,10148,10199
Hungary,2005,10058,10171
Hungary,2010,9993,10143
Hungary,2015,9898,10115
Hungary,2020,9772,10088
Iceland,1995,268,274
Iceland,2000,282,288
Iceland,2005,297,303
Iceland,2010,318,317
Iceland,2015,332,331
Iceland,2020,358,346
India,1995,920585,929847
India,2000,1006301,1004371
India,2005,1090974,1078895
India,2010,1173109,1153418
India,2015,1251696,1227942
India,2020,1326094,1302466
Indonesia,1995,197604,198895
Indonesia,2000,214091,213973
Indonesia,2005,229245,229051
Indonesia,2010,243423,244129
Indonesia,2015,255994,259206
Indonesia,2020,279080,274284
Iran,1995,64218,60090
Iran,2000,68632,65915
Iran,2005,72283,71740
Iran,2010,76924,77565
Iran,2015,81825,83390
Iran,2020,86544,89215
Iraq,1995,19658,23074
Iraq,2000,23129,25881
Iraq,2005,27538,28688
Iraq,2010,30527,31494
Iraq,2015,37057,34301
Iraq,2020,42213,37108
Ireland,1995,3614,3915
Ireland,2000,3823,4099
Ireland,2005,4200,4283
Ireland,2010,4623,4468
Ireland,2015,4893,4652
Ireland,2020,5177,4836
Isle of Man,1995,73,72
Isle of Man,2000,76,76
Isle of Man,2005,80,80
Isle of Man,2010,84,83
Isle of Man,2015,88,87
Isle of Man,2020,91,91
Israel,1995,5335,5629
Israel,2000,6098,6195
Israel,2005,6726,6760
Israel,2010,7369,7326
Israel,2015,8050,7892
Israel,2020,9178,8457
Italy,1995,57295,57899
Italy,2000,57785,58802
Italy,2005,59038,59705
Italy,2010,60749,60608
Italy,2015,61856,61511
Italy,2020,62403,62413
Ivory Coast,1995,14846,15037
Ivory Coast,2000,16885,16901
Ivory Coast,2005,18921,18765
Ivory Coast,2010,21059,20629
Ivory Coast,2015,23296,22493
Ivory Coast,2020,25504,24357
Jamaica,1995,2470,2502
Jamaica,2000,2616,2616
Jamaica,2005,2737,2731
Jamaica,2010,2848,2846
Jamaica,2015,2951,2960
Jamaica,2020,3052,3075
Japan,1995,125328,121037
Japan,2000,126776,123951
Japan,2005,127716,126865
Japan,2010,127580,129779
Japan,2015,126920,132693
Japan,2020,126138,135607
Jersey,1995,85,85
Jersey,2000,88,88
Jersey,2005,89,91
Jersey,2010,94,94
Jersey,2015,98,97
Jersey,2020,102,100
Jordan,1995,4249,4272
Jordan,2000,4786,4842
Jordan,2005,5363,5413
Jordan,2010,6501,5983
Jordan,2015,8118,6554
Jordan,2020,7690,7124
Kazakhstan,1995,16390,16238
Kazakhstan,2000,15688,16897
Kazakhstan,2005,16123,17557
Kazakhstan,2010,17085,18216
Kazakhstan,2015,18158,18876
Kazakhstan,2020,19092,19536
Kenya,1995,27164,28694
Kenya,2000,30606,32162
Kenya,2005,35247,35630
Kenya,2010,40844,39099
Kenya,2015,45926,42567
Kenya,2020,49859,46035
Kiribati,1995,77,79
Kiribati,2000,86,85
Kiribati,2005,93,91
Kiribati,2010,100,97
Kiribati,2015,106,103
Kiribati,2020,112,109
Kosovo,1995,2029,1727
Kosovo,2000,1701,1816
Kosovo,2005,1768,1905
Kosovo,2010,1816,1994
Kosovo,2015,1871,2082
Kosovo,2020,1933,2171
Kuwait,1995,1665,1936
Kuwait,2000,1973,2160
Kuwait,2005,2257,2383
Kuwait,2010,2544,2607
Kuwait,2015,2789,2830
Kuwait,2020,2994,3054
Kyrgyzstan,1995,4621,4562
Kyrgyzstan,2000,4938,4880
Kyrgyzstan,2005,5165,5198
Kyrgyzstan,2010,5411,5517
Kyrgyzstan,2015,5665,5835
Kyrgyzstan,2020,5965,6153
Laos,1995,4847,4916
Laos,2000,5398,5344
Laos,2005,5837,5772
Laos,2010,6369,6199
Laos,2015,6912,6627
Laos,2020,7448,7055
Latvia,1995,2481,2328
Latvia,2000,2369,2313
Latvia,2005,2259,2297
Latvia,2010,2116,2282
Latvia,2015,1987,2266
Latvia,2020,1882,2251
Lebanon,1995,3673,3782
Lebanon,2000,3835,4072
Lebanon,2005,4139,4362
Lebanon,2010,4493,4652
Lebanon,2015,6185,4941
Lebanon,2020,5470,5231
Lesotho,1995,1848,1666
Lesotho,2000,1917,1772
Lesotho,2005,1923,1878
Lesotho,2010,1920,1984
Lesotho,2015,1948,2090
Lesotho,2020,1970,2197
Liberia,1995,1901,2662
Liberia,2000,2601,2930
Liberia,2005,2931,3198
Liberia,2010,3686,3466
Liberia,2015,4196,3734
Liberia,2020,4728,4002
Libya,1995,4584,4559
Libya,2000,5025,5041
Libya,2005,5571,5524
Libya,2010,6111,6007
Libya,2015,6412,6490
Libya,2020,6943,6973
Liechtenstein,1995,31,30
Liechtenstein,2000,33,32
Liechtenstein,2005,35,34
Liechtenstein,2010,37,36
Liechtenstein,2015,38,38
Liechtenstein,2020,40,40
Lithuania,1995,3510,3265
Lithuania,2000,3490,3275
Lithuania,2005,3327,3285
Lithuania,2010,3089,3295
Lithuania,2015,2885,3305
Lithuania,2020,2732,3315
Luxembourg,1995,410,445
Luxembourg,2000,439,468
Luxembourg,2005,468,491
Luxembourg,2010,510,514
Luxembourg,2015,571,537
Luxembourg,2020,629,560
Macau,1995,402,405
Macau,2000,432,440
Macau,2005,475,474
Macau,2010,568,509
Macau,2015,593,543
Macau,2020,615,578
Madagascar,1995,13533,15113
Madagascar,2000,15713,16838
Madagascar,2005,18132,18564
Madagascar,2010,20847,20289
Madagascar,2015,23813,22015
Madagascar,2020,26956,23740
Malawi,1995,9809,11323
Malawi,2000,11130,12715
Malawi,2005,12864,14107
Malawi,2010,15183,15500
Malawi,2015,17965,16892
Malawi,2020,21197,18284
Malaysia,1995,20340,21020
Malaysia,2000,23152,23074
Malaysia,2005,25969,25128
Malaysia,2010,28275,27182
Malaysia,2015,30514,29235
Malaysia,2020,32653,31289
Maldives,1995,261,254
Maldives,2000,300,282
Maldives,2005,337,309
Maldives,2010,396,336
Maldives,2015,394,364
Maldives,2020,392,391
Mali,1995,9489,11046
Mali,2000,10788,12214
Mali,2005,12528,13382
Mali,2010,14583,14549
Mali,2015,16956,15717
Mali,2020,19714,16884
Malta,1995,377,375
Malta,2000,390,384
Malta,2005,399,392
Malta,2010,407,401
Malta,2015,414,410
Malta,2020,420,418
Marshall Islands,1995,50,49
Marshall Islands,2000,54,55
Marshall Islands,2005,60,60
Marshall Islands,2010,66,65
Marshall Islands,2015,73,71
Marshall Islands,2020,78,76
Mauritania,1995,2235,2417
Mauritania,2000,2501,2650
Mauritania,2005,2838,2884
Mauritania,2010,3206,3117
Mauritania,2015,3597,3350
Mauritania,2020,4006,3583
Mauritius,1995,1124,1116
Mauritius,2000,1186,1175
Mauritius,2005,1243,1234
Mauritius,2010,1295,1293
Mauritius,2015,1340,1352
Mauritius,2020,1380,1411
Mexico,1995,92584,91440
Mexico,2000,99776,99051
Mexico,2005,106577,106662
Mexico,2010,114062,114273
Mexico,2015,121737,121884
Mexico,2020,128650,129495
Moldova,1995,4356,3887
Moldova,2000,4181,3931
Moldova,2005,3949,3974
Moldova,2010,3732,4018
Moldova,2015,3547,4061
Moldova,2020,3365,4105
Monaco,1995,31,29
Monaco,2000,32,30
Monaco,2005,32,31
Monaco,2010,31,32
Monaco,2015,31,33
Monaco,2020,31,34
Mongolia,1995,2307,2244
Mongolia,2000,2461,2435
Mongolia,2005,2603,2625
Mongolia,2010,2784,2815
Mongolia,2015,2993,3005
Mongolia,2020,3169,3195
Montenegro,1995,671,612
Montenegro,2000,733,630
Montenegro,2005,700,648
Montenegro,2010,667,667
Montenegro,2015,648,685
Montenegro,2020,640,704
Montserrat,1995,11,9
Montserrat,2000,4,8
Montserrat,2005,5,8
Montserrat,2010,6,7
Montserrat,2015,6,6
Montserrat,2020,6,6
Morocco,1995,26148,26336
Morocco,2000,28114,28438
Morocco,2005,29901,30540
Morocco,2010,31628,32642
Morocco,2015,33323,34744
Morocco,2020,37956,36846
Mozambique,1995,15889,17337
Mozambique,2000,17997,19000
Mozambique,2005,20069,20662
Mozambique,2010,22418,22325
Mozambique,2015,25304,23988
Mozambique,2020,28604,25650
Myanmar,1995,43994,43558
Myanmar,2000,47439,46692
Myanmar,2005,50573,49826
Myanmar,2010,53415,52961
Myanmar,2015,56321,56095
Myanmar,2020,59126,59229
Namibia,1995,1682,1588
Namibia,2000,1894,1742
Namibia,2005,2029,1896
Namibia,2010,2129,2050
Namibia,2015,2213,2204
Namibia,2020,2263,2358
Nauru,1995,10,9
Nauru,2000,10,9
Nauru,2005,11,10
Nauru,2010,10,10
Nauru,2015,10,11
Nauru,2020,10,11
Nepal,1995,21877,22270
Nepal,2000,24819,24336
Nepal,2005,27094,26402
Nepal,2010,28952,28468
Nepal,2015,31552,30535
Nepal,2020,34209,32601
Netherlands,1995,15477,15312
Netherlands,2000,15931,15786
Netherlands,2005,16300,16259
Netherlands,2010,16574,16732
Netherlands,2015,16948,17205
Netherlands,2020,17281,17679
New Caledonia,1995,192,196
New Caledonia,2000,212,213
New Caledonia,2005,233,230
New Caledonia,2010,253,248
New Caledonia,2015,272,265
New Caledonia,2020,291,283
New Zealand,1995,3643,3712
New Zealand,2000,3803,3896
New Zealand,2005,4049,4079
New Zealand,2010,4253,4263
New Zealand,2015,4439,4446
New Zealand,2020,4715,4629
Nicaragua,1995,4402,4194
Nicaragua,2000,4867,4611
Nicaragua,2005,5268,5027
Nicaragua,2010,5605,5444
Nicaragua,2015,5908,5861
Nicaragua,2020,6204,6278
Niger,1995,9111,11010
Niger,2000,10726,12332
Niger,2005,12783,13654
Niger,2010,15271,14976
Niger,2015,18046,16297
Niger,2020,21152,17619
Nigeria,1995,109753,119723
Nigeria,2000,123946,132832
Nigeria,2005,141190,145941
Nigeria,2010,160342,159050
Nigeria,2015,181563,172159
Nigeria,2020,204950,185267
North Korea,1995,22108,20828
North Korea,2000,22785,22149
North Korea,2005,23621,23470
North Korea,2010,24326,24791
North Korea,2015,24984,26112
North Korea,2020,25644,27433
North Macedonia,1995,1955,1904
North Macedonia,2000,2015,1967
North Macedonia,2005,2046,2030
North Macedonia,2010,2073,2094
North Macedonia,2015,2097,2157
North Macedonia,2020,2113,2221
Northern Mariana Islands,1995,58,43
Northern Mariana Islands,2000,70,49
Northern Mariana Islands,2005,71,55
Northern Mariana Islands,2010,54,60
Northern Mariana Islands,2015,53,66
Northern Mariana Islands,2020,58,72
Norway,1995,4360,4505
Norway,2000,4493,4644
Norway,2005,4625,4784
Norway,2010,4892,4923
Norway,2015,5208,5062
Norway,2020,5468,5202
Oman,1995,2139,2145
Oman,2000,2433,2407
Oman,2005,2697,2670
Oman,2010,2968,2932
Oman,2015,3287,3194
Oman,2020,3635,3457
Pakistan,1995,134186,136935
Pakistan,2000,152430,150808
Pakistan,2005,169279,164681
Pakistan,2010,184405,178554
Pakistan,2015,199086,192427
Pakistan,2020,213720,206300
Palau,1995,18,17
Palau,2000,20,18
Palau,2005,21,19
Palau,2010,21,20
Palau,2015,22,21
Palau,2020,22,22
Palestine,1995,2508,2780
Palestine,2000,3111,3120
Palestine,2005,3599,3459
Palestine,2010,4120,3798
Palestine,2015,4656,4137
Palestine,2020,5181,4476
Panama,1995,2639,2678
Panama,2000,2900,2908
Panama,2005,3156,3137
Panama,2010,3411,3366
Panama,2015,3658,3596
Panama,2020,3895,3825
Papua New Guinea,1995,4216,4469
Papua New Guinea,2000,4813,4928
Papua New Guinea,2005,5440,5387
Papua New Guinea,2010,6065,5846
Papua New Guinea,2015,6673,6305
Papua New Guinea,2020,7260,6765
Paraguay,1995,4826,4797
Paraguay,2000,5419,5255
Paraguay,2005,5926,5713
Paraguay,2010,6376,6171
Paraguay,2015,6784,6629
Paraguay,2020,7192,7087
Peru,1995,23864,23137
Peru,2000,25797,25050
Peru,2005,27443,26962
Peru,2010,28948,28875
Peru,2015,30445,30787
Peru,2020,31915,32699
Philippines,1995,68472,70907
Philippines,2000,76452,77670
Philippines,2005,84965,84433
Philippines,2010,93137,91196
Philippines,2015,100999,97959
Philippines,2020,109181,104722
Poland,1995,38601,37032
Poland,2000,38655,37823
Poland,2005,38557,38614
Poland,2010,38617,39405
Poland,2015,38563,40196
Poland,2020,38283,40987
Portugal,1995,10066,10115
Portugal,2000,10336,10279
Portugal,2005,10567,10444
Portugal,2010,10736,10609
Portugal,2015,10826,10773
Portugal,2020,10843,10938
Puerto Rico,1995,3684,3422
Puerto Rico,2000,3811,3538
Puerto Rico,2005,3822,3655
Puerto Rico,2010,3722,3772
Puerto Rico,2015,3599,3889
Puerto Rico,2020,3520,4005
Qatar,1995,510,895
Qatar,2000,640,1068
Qatar,2005,973,1241
Qatar,2010,1720,1414
Qatar,2015,2195,1586
Qatar,2020,2445,1759
Republic of the Congo,1995,2570,2917
Republic of the Congo,2000,2940,3258
Republic of the Congo,2005,3473,3599
Republic of the Congo,2010,4238,3940
Republic of the Congo,2015,4756,4281
Republic of the Congo,2020,5294,4623
Romania,1995,22688,21833
Romania,2000,22448,22105
Romania,2005,22198,22376
Romania,2010,21960,22648
Romania,2015,21667,22919
Romania,2020,21303,23191
Russia,1995,148759,142554
Russia,2000,147054,144749
Russia,2005,143320,146943
Russia,2010,142527,149138
Russia,2015,142424,151332
Russia,2020,145723,153527
Rwanda,1995,5473,8037
Rwanda,2000,8399,8914
Rwanda,2005,9612,9790
Rwanda,2010,11056,10667
Rwanda,2015,12662,11544
Rwanda,2020,14328,12421
Saint Barthélemy,1995,7,5
Saint Barthélemy,2000,8,6
Saint Barthélemy,2005,8,7
Saint Barthélemy,2010,8,7
Saint Barthélemy,2015,8,8
Saint Barthélemy,2020,8,8
"Saint Helena, Ascension and Tristan da Cunha",1995,7,7
"Saint Helena, Ascension and Tristan da Cunha",2000,8,7
"Saint Helena, Ascension and Tristan da Cunha",2005,8,7
"Saint Helena, Ascension and Tristan da Cunha",2010,8,7
"Saint Helena, Ascension and Tristan da Cunha",2015,8,8
"Saint Helena, Ascension and Tristan da Cunha",2020,8,8
Saint Kitts and Nevis,1995,44,47
Saint Kitts and Nevis,2000,46,47
Saint Kitts and Nevis,2005,48,47
Saint Kitts and Nevis,2010,50,47
Saint Kitts and Nevis,2015,52,47
Saint Kitts and Nevis,2020,54,47
Saint Lucia,1995,147,141
Saint Lucia,2000,154,148
Saint Lucia,2005,158,155
Saint Lucia,2010,161,162
Saint Lucia,2015,164,169
Saint Lucia,2020,167,176
Saint Martin,1995,33,23
Saint Martin,2000,29,26
Saint Martin,2005,28,29
Saint Martin,2010,31,32
Saint Martin,2015,32,35
Saint Martin,2020,33,38
Saint Pierre and Miquelon,1995,7,6
Saint Pierre and Miquelon,2000,7,6
Saint Pierre and Miquelon,2005,7,6
Saint Pierre and Miquelon,2010,6,6
Saint Pierre and Miquelon,2015,6,6
Saint Pierre and Miquelon,2020,6,6
Saint Vincent and the Grenadines,1995,109,102
Saint Vincent and the Grenadines,2000,108,104
Saint Vincent and the Grenadines,2005,107,106
Saint Vincent and the Grenadines,2010,105,108
Saint Vincent and the Grenadines,2015,103,110
Saint Vincent and the Grenadines,2020,102,112
Samoa,1995,169,172
Samoa,2000,177,179
Samoa,2005,185,186
Samoa,2010,193,192
Samoa,2015,198,199
Samoa,2020,204,206
San Marino,1995,25,26
San Marino,2000,28,27
San Marino,2005,30,29
San Marino,2010,32,30
San Marino,2015,34,32
San Marino,2020,35,34
Saudi Arabia,1995,18756,18252
Saudi Arabia,2000,21312,20516
Saudi Arabia,2005,23643,22779
Saudi Arabia,2010,25732,25043
Saudi Arabia,2015,27753,27306
Saudi Arabia,2020,29819,29570
Senegal,1995,8379,9154
Senegal,2000,9470,10152
Senegal,2005,10805,11150
Senegal,2010,12324,12148
Senegal,2015,13976,13147
Senegal,2020,15737,14145
Serbia,1995,7692,7432
Serbia,2000,7605,7467
Serbia,2005,7503,7501
Serbia,2010,7345,7535
Serbia,2015,7177,7570
Serbia,2020,7013,7604
Seychelles,1995,75,75
Seychelles,2000,80,79
Seychelles,2005,84,84
Seychelles,2010,89,88
Seychelles,2015,93,92
Seychelles,2020,96,97
Sierra Leone,1995,3882,4415
Sierra Leone,2000,3810,4742
Sierra Leone,2005,4709,5069
Sierra Leone,2010,5246,5396
Sierra Leone,2015,5880,5723
Sierra Leone,2020,6625,6050
Singapore,1995,3567,3823
Singapore,2000,4064,4192
Singapore,2005,4606,4562
Singapore,2010,5141,4932
Singapore,2015,5675,5301
Singapore,2020,6210,5671
Sint Maarten,1995,32,27
Sint Maarten,2000,31,31
Sint Maarten,2005,34,35
Sint Maarten,2010,38,38
Sint Maarten,2015,41,42
Sint Maarten,2020,44,46
Slovakia,1995,5362,5175
Slovakia,2000,5401,5297
Slovakia,2005,5408,5418
Slovakia,2010,5427,5539
Slovakia,2015,5446,5661
Slovakia,2020,5441,5782
Slovenia,1995,2003,1911
Slovenia,2000,2011,1951
Slovenia,2005,2012,1991
Slovenia,2010,2004,2030
Slovenia,2015,1984,2070
Slovenia,2020,1952,2110
Solomon Islands,1995,376,399
Solomon Islands,2000,434,446
Solomon Islands,2005,496,492
Solomon Islands,2010,560,539
Solomon Islands,2015,623,586
Solomon Islands,2020,686,633
Somalia,1995,6401,7506
Somalia,2000,7501,8226
Somalia,2005,8791,8947
Somalia,2010,9768,9667
Somalia,2015,10617,10388
Somalia,2020,11758,11108
South Africa,1995,42148,40658
South Africa,2000,44914,44086
South Africa,2005,48105,47514
South Africa,2010,51123,50942
South Africa,2015,53676,54370
South Africa,2020,56464,57797
South Korea,1995,45106,42984
South Korea,2000,46839,45106
South Korea,2005,48006,47228
South Korea,2010,48637,49349
South Korea,2015,49116,51471
South Korea,2020,49362,53593
South Sudan,1995,5193,7239
South Sudan,2000,6297,8100
South Sudan,2005,7634,8961
South Sudan,2010,9585,9822
South Sudan,2015,12043,10683
South Sudan,2020,14559,11544
Spain,1995,39765,41299
Spain,2000,40590,42821
Spain,2005,43705,44343
Spain,2010,46506,45865
Spain,2015,48147,47388
Spain,2020,50016,48910
Sri Lanka,1995,17942,17879
Sri Lanka,2000,19042,18951
Sri Lanka,2005,20103,20023
Sri Lanka,2010,21084,21096
Sri Lanka,2015,22054,22168
Sri Lanka,2020,22890,23240
Sudan,1995,24517,24838
Sudan,2000,27068,27581
Sudan,2005,29884,30324
Sudan,2010,32997,33066
Sudan,2015,36109,35809
Sudan,2020,41131,38551
Suriname,1995,428,457
Suriname,2000,465,480
Suriname,2005,504,504
Suriname,2010,546,528
Suriname,2015,580,552
Suriname,2020,610,576
Sweden,1995,8878,8915
Sweden,2000,8925,9119
Sweden,2005,9083,9323
Sweden,2010,9433,9526
Sweden,2015,9802,9730
Sweden,2020,10203,9934
Switzerland,1995,7165,7148
Switzerland,2000,7278,7371
Switzerland,2005,7449,7594
Switzerland,2010,7770,7818
Switzerland,2015,8122,8041
Switzerland,2020,8404,8264
Syria,1995,14487,14386
Syria,2000,16515,15965
Syria,2005,18615,17544
Syria,2010,21766,19123
Syria,2015,17065,20703
Syria,2020,22347,22282
São Tomé and Príncipe,1995,128,135
São Tomé and Príncipe,2000,141,148
São Tomé and Príncipe,2005,158,160
São Tomé and Príncipe,2010,176,172
São Tomé and Príncipe,2015,195,184
São Tomé and Príncipe,2020,212,196
Taiwan,1995,21291,20272
Taiwan,2000,22185,21354
Taiwan,2005,22728,22436
Taiwan,2010,23127,23518
Taiwan,2015,23416,24600
Taiwan,2020,23604,25682
Tajikistan,1995,5679,5800
Tajikistan,2000,6230,6365
Tajikistan,2005,6815,6929
Tajikistan,2010,7488,7494
Tajikistan,2015,8192,8058
Tajikistan,2020,8874,8622
Tanzania,1995,29065,32382
Tanzania,2000,33194,36224
Tanzania,2005,38487,40067
Tanzania,2010,44289,43909
Tanzania,2015,51046,47751
Tanzania,2020,58553,51594
Thailand,1995,59818,56492
Thailand,2000,62902,60168
Thailand,2005,65113,63845
Thailand,2010,66721,67521
Thailand,2015,67977,71197
Thailand,2020,68978,74873
Timor-Leste,1995,868,893
Timor-Leste,2000,768,960
Timor-Leste,2005,985,1027
Timor-Leste,2010,1088,1094
Timor-Leste,2015,1232,1161
Timor-Leste,2020,1384,1229
Togo,1995,4203,4742
Togo,2000,4992,5317
Togo,2005,5715,5892
Togo,2010,6588,6468
Togo,2015,7553,7043
Togo,2020,8609,7618
Tonga,1995,98,97
Tonga,2000,101,100
Tonga,2005,104,103
Tonga,2010,106,107
Tonga,2015,107,110
Tonga,2020,107,113
Trinidad and Tobago,1995,1265,1172
Trinidad and Tobago,2000,1252,1207
Trinidad and Tobago,2005,1237,1242
Trinidad and Tobago,2010,1229,1277
Trinidad and Tobago,2015,1223,1311
Trinidad and Tobago,2020,1209,1346
Tunisia,1995,8947,8571
Tunisia,2000,9508,9225
Tunisia,2005,10013,9879
Tunisia,2010,10526,10533
Tunisia,2015,11038,11186
Tunisia,2020,11495,11840
Turkey,1995,61296,60086
Turkey,2000,65970,64755
Turkey,2005,70465,69423
Turkey,2010,74687,74092
Turkey,2015,79415,78761
Turkey,2020,82018,83429
Turkmenistan,1995,4079,4024
Turkmenistan,2000,4386,4387
Turkmenistan,2005,4665,4749
Turkmenistan,2010,4941,5112
Turkmenistan,2015,5232,5475
Turkmenistan,2020,5929,5838
Turks and Caicos Islands,1995,15,23
Turks and Caicos Islands,2000,20,27
Turks and Caicos Islands,2005,28,30
Turks and Caicos Islands,2010,44,34
Turks and Caicos Islands,2015,51,38
Turks and Caicos Islands,2020,56,41
Tuvalu,1995,10,9
Tuvalu,2000,11,10
Tuvalu,2005,11,10
Tuvalu,2010,11,11
Tuvalu,2015,11,12
Tuvalu,2020,12,12
Uganda,1995,19641,22783
Uganda,2000,22917,25605
Uganda,2005,26917,28427
Uganda,2010,31508,31248
Uganda,2015,37102,34070
Uganda,2020,43518,36892
Ukraine,1995,51248,48116
Ukraine,2000,49014,48225
Ukraine,2005,47003,48334
Ukraine,2010,45769,48443
Ukraine,2015,44430,48552
Ukraine,2020,43923,48661
United Arab Emirates,1995,2458,2943
United Arab Emirates,2000,3220,3475
United Arab Emirates,2005,4087,4008
United Arab Emirates,2010,4976,4540
United Arab Emirates,2015,5780,5072
United Arab Emirates,2020,6496,5605
United Kingdom,1995,58187,59324
United Kingdom,2000,59140,60272
United Kingdom,2005,60488,61221
United Kingdom,2010,62349,62170
United Kingdom,2015,64089,63118
United Kingdom,2020,65762,64067
United States,1995,266279,267339
United States,2000,282163,280165
United States,2005,295517,292992
United States,2010,309348,305819
United States,2015,321369,318646
United States,2020,334504,331472
United States Virgin Islands,1995,108,97
United States Virgin Islands,2000,109,103
United States Virgin Islands,2005,108,109
United States Virgin Islands,2010,107,115
United States Virgin Islands,2015,104,121
United States Virgin Islands,2020,101,126
Uruguay,1995,3151,3118
Uruguay,2000,3220,3187
Uruguay,2005,3265,3256
Uruguay,2010,3302,3325
Uruguay,2015,3342,3394
Uruguay,2020,3388,3463
Uzbekistan,1995,23068,22018
Uzbekistan,2000,25042,23951
Uzbekistan,2005,26540,25884
Uzbekistan,2010,27866,27818
Uzbekistan,2015,29200,29751
Uzbekistan,2020,30566,31684
Vanuatu,1995,173,182
Vanuatu,2000,192,201
Vanuatu,2005,218,221
Vanuatu,2010,246,240
Vanuatu,2015,273,259
Vanuatu,2020,299,278
Venezuela,1995,21550,21177
Venezuela,2000,23493,23201
Venezuela,2005,25270,25226
Venezuela,2010,27224,27251
Venezuela,2015,29276,29276
Venezuela,2020,31276,31301
Vietnam,1995,73784,71835
Vietnam,2000,79178,77587
Vietnam,2005,84425,83339
Vietnam,2010,89572,89091
Vietnam,2015,94349,94843
Vietnam,2020,98722,100595
Wallis and Futuna,1995,15,13
Wallis and Futuna,2000,15,14
Wallis and Futuna,2005,16,15
Wallis and Futuna,2010,16,16
Wallis and Futuna,2015,16,16
Wallis and Futuna,2020,16,17
Western Sahara,1995,264,315
Western Sahara,2000,337,366
Western Sahara,2005,416,416
Western Sahara,2010,492,467
Western Sahara,2015,571,517
Western Sahara,2020,653,568
World,1995,5699203,5677221
World,2000,6088572,6066011
World,2005,6473045,6454800
World,2010,6866333,6843589
World,2015,7256491,7232379
World,2020,7643403,7621168
Yemen,1995,14832,16491
Yemen,2000,17236,18429
Yemen,2005,20003,20366
Yemen,2010,23210,22304
Yemen,2015,26738,24242
Yemen,2020,29885,26179
Zambia,1995,8691,9688
Zambia,2000,9984,10815
Zambia,2005,11373,11942
Zambia,2010,13042,13069
Zambia,2015,15067,14196
Zambia,2020,17427,15323
Zimbabwe,1995,11160,10578
Zimbabwe,2000,11821,11564
Zimbabwe,2005,11640,12550
Zimbabwe,2010,11652,13536
Zimbabwe,2015,14230,14522
Zimbabwe,2020,15832,15509
