Country,Year,Population_actual,Population_predicted
Afghanistan,1955,8892,4981
Afghanistan,1960,9830,7044
Afghanistan,1965,10998,9107
Afghanistan,1970,12431,11171
Afghanistan,1975,14133,13234
Afghanistan,1980,15045,15298
Afghanistan,1985,13120,17361
Afghanistan,1990,13569,19424
Afghanistan,1995,19446,21488
Afghanistan,2000,22462,23551
Afghanistan,2005,26335,25615
Afghanistan,2010,29121,27678
Afghanistan,2015,32565,29741
Afghanistan,2020,36644,31805
Albania,1955,1393,1854
Albania,1960,1624,1984
Albania,1965,1884,2113
Albania,1970,2157,2243
Albania,1975,2402,2373
Albania,1980,2672,2503
Albania,1985,2957,2632
Albania,1990,3245,2762
Albania,1995,3159,2892
Albania,2000,3159,3022
Albania,2005,3025,3151
Albania,2010,2987,3281
Albania,2015,3030,3411
Albania,2020,3075,3541
Algeria,1955,9842,6192
Algeria,1960,10910,8925
Algeria,1965,11964,11658
Algeria,1970,13932,14391
Algeria,1975,16141,17124
Algeria,1980,18807,19857
Algeria,1985,22009,22589
Algeria,1990,25191,25322
Algeria,1995,28322,28055
Algeria,2000,30639,30788
Algeria,2005,32918,33521
Algeria,2010,35950,36254
Algeria,2015,39543,38987
Algeria,2020,42973,41720
American Samoa,1955,20,19
American Samoa,1960,21,22
American Samoa,1965,25,25
American Samoa,1970,28,29
American Samoa,1975,30,32
American Samoa,1980,33,35
American Samoa,1985,39,39
American Samoa,1990,48,42
American Samoa,1995,54,45
American Samoa,2000,58,49
American Samoa,2005,57,52
American Samoa,2010,56,56
American Samoa,2015,55,59
American Samoa,2020,54,62
Andorra,1955,7,1
Andorra,1960,9,8
Andorra,1965,14,15
Andorra,1970,20,22
Andorra,1975,27,29
Andorra,1980,34,36
Andorra,1985,45,43
Andorra,1990,53,50
Andorra,1995,64,57
Andorra,2000,66,64
Andorra,2005,77,71
Andorra,2010,85,79
Andorra,2015,86,86
Andorra,2020,86,93
Angola,1955,4424,1141
Angola,1960,4798,2556
Angola,1965,5135,3972
Angola,1970,5606,5387
Angola,1975,6051,6803
Angola,1980,7206,8218
Angola,1985,8390,9634
Angola,1990,9486,11049
Angola,1995,11000,12465
Angola,2000,12683,13880
Angola,2005,14770,15296
Angola,2010,17043,16711
Angola,2015,19626,18127
Angola,2020,22485,19542
Anguilla,1955,6,3
Anguilla,1960,6,4
Anguilla,1965,6,5
Anguilla,1970,7,6
Anguilla,1975,7,7
Anguilla,1980,7,8
Anguilla,1985,7,9
Anguilla,1990,9,10
Anguilla,1995,10,11
Anguilla,2000,12,12
Anguilla,2005,14,13
Anguilla,2010,15,14
Anguilla,2015,17,15
Anguilla,2020,19,16
Antigua and Barbuda,1955,52,52
Antigua and Barbuda,1960,55,55
Antigua and Barbuda,1965,60,58
Antigua and Barbuda,1970,66,61
Antigua and Barbuda,1975,69,64
Antigua and Barbuda,1980,69,67
Antigua and Barbuda,1985,65,70
Antigua and Barbuda,1990,65,73
Antigua and Barbuda,1995,69,76
Antigua and Barbuda,2000,76,79
Antigua and Barbuda,2005,82,82
Antigua and Barbuda,2010,87,85
Antigua and Barbuda,2015,93,88
Antigua and Barbuda,2020,99,91
Argentina,1955,18928,18024
Argentina,1960,20617,20136
Argentina,1965,22284,22248
Argentina,1970,23963,24360
Argentina,1975,26082,26472
Argentina,1980,28370,28584
Argentina,1985,30672,30697
Argentina,1990,33036,32809
Argentina,1995,35274,34921
Argentina,2000,37336,37033
Argentina,2005,39182,39145
Argentina,2010,41344,41257
Argentina,2015,43432,43369
Argentina,2020,45379,45482
Armenia,1955,1566,2330
Armenia,1960,1869,2423
Armenia,1965,2206,2516
Armenia,1970,2520,2609
Armenia,1975,2835,2702
Armenia,1980,3134,2795
Armenia,1985,3465,2889
Armenia,1990,3530,2982
Armenia,1995,3131,3075
Armenia,2000,3101,3168
Armenia,2005,3085,3261
Armenia,2010,3072,3354
Armenia,2015,3057,3447
Armenia,2020,3022,3540
Aruba,1955,54,42
Aruba,1960,58,47
Aruba,1965,60,52
Aruba,1970,60,57
Aruba,1975,60,62
Aruba,1980,60,67
Aruba,1985,62,72
Aruba,1990,64,77
Aruba,1995,80,82
Aruba,2000,90,87
Aruba,2005,97,92
Aruba,2010,105,97
Aruba,2015,113,103
Aruba,2020,120,108
Australia,1955,9278,9177
Australia,1960,10362,10293
Australia,1965,11440,11410
Australia,1970,12661,12526
Australia,1975,13772,13643
Australia,1980,14616,14760
Australia,1985,15696,15876
Australia,1990,16957,16993
Australia,1995,17976,18110
Australia,2000,19054,19226
Australia,2005,20233,20343
Australia,2010,21516,21459
Australia,2015,22752,22576
Australia,2020,23939,23693
Austria,1955,6947,6920
Austria,1960,7048,7059
Austria,1965,7271,7198
Austria,1970,7468,7338
Austria,1975,7579,7477
Austria,1980,7550,7616
Austria,1985,7560,7756
Austria,1990,7723,7895
Austria,1995,8048,8034
Austria,2000,8114,8174
Austria,2005,8315,8313
Austria,2010,8448,8452
Austria,2015,8666,8592
Austria,2020,8860,8731
Azerbaijan,1955,3314,3564
Azerbaijan,1960,3882,4094
Azerbaijan,1965,4567,4625
Azerbaijan,1970,5169,5155
Azerbaijan,1975,5697,5686
Azerbaijan,1980,6199,6216
Azerbaijan,1985,6846,6747
Azerbaijan,1990,7498,7277
Azerbaijan,1995,8051,7808
Azerbaijan,2000,8464,8338
Azerbaijan,2005,8826,8869
Azerbaijan,2010,9302,9399
Azerbaijan,2015,9781,9930
Azerbaijan,2020,10206,10460
Bahamas,1955,88,110
Bahamas,1960,113,128
Bahamas,1965,140,147
Bahamas,1970,171,166
Bahamas,1975,190,184
Bahamas,1980,210,203
Bahamas,1985,229,221
Bahamas,1990,246,240
Bahamas,1995,266,259
Bahamas,2000,283,277
Bahamas,2005,297,296
Bahamas,2010,311,314
Bahamas,2015,325,333
Bahamas,2020,338,352
Bahrain,1955,131,-117
Bahrain,1960,157,-11
Bahrain,1965,192,95
Bahrain,1970,220,202
Bahrain,1975,259,308
Bahrain,1980,348,415
Bahrain,1985,424,521
Bahrain,1990,506,628
Bahrain,1995,583,734
Bahrain,2000,655,841
Bahrain,2005,916,948
Bahrain,2010,1181,1054
Bahrain,2015,1347,1161
Bahrain,2020,1506,1267
Bangladesh,1955,49589,39939
Bangladesh,1960,54593,50054
Bangladesh,1965,60285,60169
Bangladesh,1970,67332,70284
Bangladesh,1975,76153,80399
Bangladesh,1980,87938,90514
Bangladesh,1985,102309,100629
Bangladesh,1990,112213,110744
Bangladesh,1995,121443,120859
Bangladesh,2000,132151,130975
Bangladesh,2005,144139,141090
Bangladesh,2010,156119,151205
Bangladesh,2015,168958,161320
Bangladesh,2020,169778,171435
Barbados,1955,228,225
Barbados,1960,233,230
Barbados,1965,235,236
Barbados,1970,239,241
Barbados,1975,248,246
Barbados,1980,252,252
Barbados,1985,258,257
Barbados,1990,263,263
Barbados,1995,268,268
Barbados,2000,274,273
Barbados,2005,281,279
Barbados,2010,286,284
Barbados,2015,291,290
Barbados,2020,295,295
Belarus,1955,7781,8738
Belarus,1960,8168,8858
Belarus,1965,8591,8978
Belarus,1970,9028,9098
Belarus,1975,9361,9218
Belarus,1980,9644,9338
Belarus,1985,9982,9458
Belarus,1990,10201,9578
Belarus,1995,10205,9698
Belarus,2000,10034,9818
Belarus,2005,9807,9938
Belarus,2010,9681,10058
Belarus,2015,9590,10177
Belarus,2020,9478,10297
Belgium,1955,8869,8940
Belgium,1960,9119,9120
Belgium,1965,9449,9300
Belgium,1970,9638,9480
Belgium,1975,9795,9660
Belgium,1980,9847,9840
Belgium,1985,9859,10020
Belgium,1990,9970,10200
Belgium,1995,10156,10380
Belgium,2000,10264,10560
Belgium,2005,10470,10739
Belgium,2010,10866,10919
Belgium,2015,11324,11099
Belgium,2020,11721,11279
Belize,1955,77,45
Belize,1960,92,69
Belize,1965,107,92
Belize,1970,123,116
Belize,1975,136,139
Belize,1980,145,162
Belize,1985,166,186
Belize,1990,191,209
Belize,1995,218,233
Belize,2000,249,256
Belize,2005,282,280
Belize,2010,315,303
Belize,2015,348,326
Belize,2020,380,350
Benin,1955,1847,92
Benin,1960,2056,882
Benin,1965,2311,1673
Benin,1970,2620,2463
Benin,1975,2996,3254
Benin,1980,3459,4044
Benin,1985,4031,4835
Benin,1990,4706,5625
Benin,1995,5647,6416
Benin,2000,6620,7206
Benin,2005,7778,7997
Benin,2010,9057,8787
Benin,2015,10449,9578
Benin,2020,11957,10368
Bermuda,1955,42,44
Bermuda,1960,45,46
Bermuda,1965,49,48
Bermuda,1970,53,50
Bermuda,1975,54,53
Bermuda,1980,55,55
Bermuda,1985,57,57
Bermuda,1990,58,59
Bermuda,1995,61,61
Bermuda,2000,64,63
Bermuda,2005,66,65
Bermuda,2010,69,67
Bermuda,2015,71,69
Bermuda,2020,72,71
Bhutan,1955,187,185
Bhutan,1960,213,234
Bhutan,1965,255,283
Bhutan,1970,310,332
Bhutan,1975,373,381
Bhutan,1980,447,430
Bhutan,1985,530,479
Bhutan,1990,615,528
Bhutan,1995,567,577
Bhutan,2000,606,626
Bhutan,2005,655,675
Bhutan,2010,700,724
Bhutan,2015,742,773
Bhutan,2020,783,822
Bolivia,1955,3075,2269
Bolivia,1960,3435,2945
Bolivia,1965,3854,3622
Bolivia,1970,4347,4298
Bolivia,1975,4915,4974
Bolivia,1980,5442,5650
Bolivia,1985,5935,6326
Bolivia,1990,6574,7002
Bolivia,1995,7375,7678
Bolivia,2000,8196,8355
Bolivia,2005,9073,9031
Bolivia,2010,9948,9707
Bolivia,2015,10801,10383
Bolivia,2020,11640,11059
Bosnia and Herzegovina,1955,2975,3629
Bosnia and Herzegovina,1960,3241,3663
Bosnia and Herzegovina,1965,3494,3698
Bosnia and Herzegovina,1970,3704,3732
Bosnia and Herzegovina,1975,3981,3767
Bosnia and Herzegovina,1980,4093,3802
Bosnia and Herzegovina,1985,4227,3836
Bosnia and Herzegovina,1990,4315,3871
Bosnia and Herzegovina,1995,3547,3905
Bosnia and Herzegovina,2000,3806,3940
Bosnia and Herzegovina,2005,3894,3975
Bosnia and Herzegovina,2010,3885,4009
Bosnia and Herzegovina,2015,3868,4044
Bosnia and Herzegovina,2020,3836,4078
Botswana,1955,462,166
Botswana,1960,497,328
Botswana,1965,539,489
Botswana,1970,584,651
Botswana,1975,705,813
Botswana,1980,901,974
Botswana,1985,1080,1136
Botswana,1990,1265,1298
Botswana,1995,1478,1459
Botswana,2000,1680,1621
Botswana,2005,1841,1783
Botswana,2010,2030,1944
Botswana,2015,2183,2106
Botswana,2020,2313,2268
Brazil,1955,61652,59231
Brazil,1960,71412,71673
Brazil,1965,82602,84116
Brazil,1970,94931,96559
Brazil,1975,107328,109001
Brazil,1980,121064,121444
Brazil,1985,135734,133887
Brazil,1990,149410,146329
Brazil,1995,161912,158772
Brazil,2000,174316,171215
Brazil,2005,186021,183658
Brazil,2010,195835,196100
Brazil,2015,204260,208543
Brazil,2020,216016,220986
British Virgin Islands,1955,7,1
British Virgin Islands,1960,8,4
British Virgin Islands,1965,9,6
British Virgin Islands,1970,10,9
British Virgin Islands,1975,11,11
British Virgin Islands,1980,11,14
British Virgin Islands,1985,14,16
British Virgin Islands,1990,16,18
British Virgin Islands,1995,20,21
British Virgin Islands,2000,23,23
British Virgin Islands,2005,26,26
British Virgin Islands,2010,30,28
British Virgin Islands,2015,34,31
British Virgin Islands,2020,38,33
Brunei,1955,61,33
Brunei,1960,84,65
Brunei,1965,103,98
Brunei,1970,128,130
Brunei,1975,157,162
Brunei,1980,186,195
Brunei,1985,218,227
Brunei,1990,253,259
Brunei,1995,288,292
Brunei,2000,326,324
Brunei,2005,362,357
Brunei,2010,396,389
Brunei,2015,430,421
Brunei,2020,465,454
Bulgaria,1955,7500,8799
Bulgaria,1960,7868,8711
Bulgaria,1965,8202,8624
Bulgaria,1970,8490,8536
Bulgaria,1975,8721,8449
Bulgaria,1980,8844,8361
Bulgaria,1985,8944,8274
Bulgaria,1990,8895,8186
Bulgaria,1995,8285,8098
Bulgaria,2000,7909,8011
Bulgaria,2005,7612,7923
Bulgaria,2010,7392,7836
Bulgaria,2015,7187,7748
Bulgaria,2020,6967,7660
Burkina Faso,1955,4615,894
Burkina Faso,1960,4866,2242
Burkina Faso,1965,5032,3591
Burkina Faso,1970,5304,4940
Burkina Faso,1975,5674,6288
Burkina Faso,1980,6319,7637
Burkina Faso,1985,7171,8986
Burkina Faso,1990,8362,10334
Burkina Faso,1995,9903,11683
Burkina Faso,2000,11588,13032
Burkina Faso,2005,13904,14380
Burkina Faso,2010,16242,15729
Burkina Faso,2015,18932,17077
Burkina Faso,2020,21978,18426
Burundi,1955,2577,1014
Burundi,1960,2816,1759
Burundi,1965,3171,2505
Burundi,1970,3522,3250
Burundi,1975,3677,3996
Burundi,1980,4298,4741
Burundi,1985,4915,5487
Burundi,1990,5509,6233
Burundi,1995,5800,6978
Burundi,2000,6716,7724
Burundi,2005,7789,8469
Burundi,2010,9121,9215
Burundi,2015,10743,9960
Burundi,2020,12632,10706
Cambodia,1955,5049,3919
Cambodia,1960,5762,4828
Cambodia,1965,6602,5737
Cambodia,1970,7395,6646
Cambodia,1975,7500,7555
Cambodia,1980,6889,8463
Cambodia,1985,7842,9372
Cambodia,1990,9368,10281
Cambodia,1995,11235,11190
Cambodia,2000,12352,12099
Cambodia,2005,13298,13007
Cambodia,2010,14454,13916
Cambodia,2015,15709,14825
Cambodia,2020,16927,15734
Cameroon,1955,5211,1377
Cameroon,1960,5609,3107
Cameroon,1965,6104,4838
Cameroon,1970,6727,6568
Cameroon,1975,7522,8298
Cameroon,1980,8756,10028
Cameroon,1985,10227,11758
Cameroon,1990,11984,13489
Cameroon,1995,13828,15219
Cameroon,2000,15818,16949
Cameroon,2005,18132,18679
Cameroon,2010,20823,20409
Cameroon,2015,23740,22140
Cameroon,2020,26970,23870
Canada,1955,16051,17054
Canada,1960,18267,18572
Canada,1965,20072,20090
Canada,1970,21750,21607
Canada,1975,23210,23125
Canada,1980,24594,24643
Canada,1985,25942,26160
Canada,1990,27791,27678
Canada,1995,29691,29196
Canada,2000,31100,30714
Canada,2005,32387,32231
Canada,2010,33760,33749
Canada,2015,35100,35267
Canada,2020,36388,36784
Cape Verde,1955,170,155
Cape Verde,1960,197,186
Cape Verde,1965,232,217
Cape Verde,1970,269,248
Cape Verde,1975,281,278
Cape Verde,1980,297,309
Cape Verde,1985,317,340
Cape Verde,1990,340,371
Cape Verde,1995,386,402
Cape Verde,2000,431,432
Cape Verde,2005,471,463
Cape Verde,2010,509,494
Cape Verde,2015,546,525
Cape Verde,2020,584,555
Cayman Islands,1955,7,-2
Cayman Islands,1960,8,2
Cayman Islands,1965,9,6
Cayman Islands,1970,11,11
Cayman Islands,1975,15,16
Cayman Islands,1980,18,20
Cayman Islands,1985,21,25
Cayman Islands,1990,27,29
Cayman Islands,1995,33,34
Cayman Islands,2000,39,39
Cayman Islands,2005,45,43
Cayman Islands,2010,51,48
Cayman Islands,2015,57,52
Cayman Islands,2020,62,57
Central African Republic,1955,1349,701
Central African Republic,1960,1468,1074
Central African Republic,1965,1628,1448
Central African Republic,1970,1840,1821
Central African Republic,1975,2058,2194
Central African Republic,1980,2349,2568
Central African Republic,1985,2715,2941
Central African Republic,1990,3085,3315
Central African Republic,1995,3545,3688
Central African Republic,2000,3980,4061
Central African Republic,2005,4364,4435
Central African Republic,2010,4845,4808
Central African Republic,2015,5392,5181
Central African Republic,2020,5991,5555
Chad,1955,2806,1159
Chad,1960,3043,1956
Chad,1965,3345,2753
Chad,1970,3728,3550
Chad,1975,4145,4347
Chad,1980,4523,5144
Chad,1985,5067,5941
Chad,1990,5842,6738
Chad,1995,6770,7535
Chad,2000,7943,8332
Chad,2005,9401,9129
Chad,2010,10544,9926
Chad,2015,11632,10723
Chad,2020,12756,11520
Chile,1955,6744,6655
Chile,1960,7586,7560
Chile,1965,8510,8466
Chile,1970,9369,9371
Chile,1975,10208,10276
Chile,1980,10999,11182
Chile,1985,11953,12087
Chile,1990,13008,12993
Chile,1995,14173,13898
Chile,2000,15175,14804
Chile,2005,15980,15709
Chile,2010,16760,16614
Chile,2015,17509,17520
Chile,2020,18187,18425
China,1955,607047,636542
China,1960,651340,702105
China,1965,716667,767668
China,1970,822116,833231
China,1975,920295,898794
China,1980,987822,964357
China,1985,1061876,1029921
China,1990,1153164,1095484
China,1995,1221056,1161047
China,2000,1268302,1226610
China,2005,1302285,1292173
China,2010,1336681,1357736
China,2015,1367486,1423299
China,2020,1397026,1488862
Colombia,1955,13589,13055
Colombia,1960,15953,15872
Colombia,1965,18647,18690
Colombia,1970,21430,21507
Colombia,1975,24125,24325
Colombia,1980,26632,27142
Colombia,1985,29748,29960
Colombia,1990,33148,32778
Colombia,1995,36532,35595
Colombia,2000,38911,38413
Colombia,2005,41488,41230
Colombia,2010,44206,44048
Colombia,2015,46737,46865
Colombia,2020,49085,49683
Comoros,1955,164,76
Comoros,1960,183,131
Comoros,1965,207,186
Comoros,1970,237,241
Comoros,1975,276,296
Comoros,1980,340,351
Comoros,1985,383,406
Comoros,1990,431,461
Comoros,1995,483,516
Comoros,2000,546,571
Comoros,2005,624,626
Comoros,2010,707,681
Comoros,2015,781,736
Comoros,2020,847,792
Cook Islands,1955,17,22
Cook Islands,1960,18,21
Cook Islands,1965,20,20
Cook Islands,1970,21,19
Cook Islands,1975,20,19
Cook Islands,1980,19,18
Cook Islands,1985,18,17
Cook Islands,1990,19,16
Cook Islands,1995,19,16
Cook Islands,2000,17,15
Cook Islands,2005,14,14
Cook Islands,2010,12,13
Cook Islands,2015,10,12
Cook Islands,2020,9,12
Costa Rica,1955,1032,759
Costa Rica,1960,1249,1091
Costa Rica,1965,1488,1423
Costa Rica,1970,1736,1755
Costa Rica,1975,1992,2087
Costa Rica,1980,2300,2419
Costa Rica,1985,2645,2751
Costa Rica,1990,3024,3083
Costa Rica,1995,3445,3415
Costa Rica,2000,3883,3747
Costa Rica,2005,4209,4079
Costa Rica,2010,4517,4411
Costa Rica,2015,4815,4743
Costa Rica,2020,5098,5075
Croatia,1955,3956,4123
Croatia,1960,4037,4160
Croatia,1965,4134,4197
Croatia,1970,4206,4233
Croatia,1975,4256,4270
Croatia,1980,4384,4307
Croatia,1985,4458,4344
Croatia,1990,4509,4380
Croatia,1995,4497,4417
Croatia,2000,4411,4454
Croatia,2005,4496,4491
Croatia,2010,4487,4527
Croatia,2015,4465,4564
Croatia,2020,4428,4601
Cuba,1955,6382,7562
Cuba,1960,7028,7905
Cuba,1965,7810,8249
Cuba,1970,8543,8592
Cuba,1975,9291,8935
Cuba,1980,9653,9278
Cuba,1985,10065,9621
Cuba,1990,10507,9965
Cuba,1995,10848,10308
Cuba,2000,11072,10651
Cuba,2005,11199,10994
Cuba,2010,11099,11337
Cuba,2015,11032,11681
Cuba,2020,10932,12024
Curaçao,1955,112,136
Curaçao,1960,124,137
Curaçao,1965,134,138
Curaçao,1970,145,139
Curaçao,1975,150,140
Curaçao,1980,148,142
Curaçao,1985,154,143
Curaçao,1990,146,144
Curaçao,1995,142,145
Curaçao,2000,134,146
Curaçao,2005,137,147
Curaçao,2010,144,149
Curaçao,2015,149,150
Curaçao,2020,152,151
Cyprus,1955,533,428
Cyprus,1960,579,485
Cyprus,1965,601,541
Cyprus,1970,628,598
Cyprus,1975,627,654
Cyprus,1980,631,711
Cyprus,1985,680,767
Cyprus,1990,746,823
Cyprus,1995,848,880
Cyprus,2000,920,936
Cyprus,2005,1011,993
Cyprus,2010,1103,1049
Cyprus,2015,1190,1106
Cyprus,2020,1267,1162
Czech Republic,1955,9366,9679
Czech Republic,1960,9660,9758
Czech Republic,1965,9777,9838
Czech Republic,1970,9796,9917
Czech Republic,1975,10043,9997
Czech Republic,1980,10289,10076
Czech Republic,1985,10311,10155
Czech Republic,1990,10310,10235
Czech Republic,1995,10324,10314
Czech Republic,2000,10269,10394
Czech Republic,2005,10267,10473
Czech Republic,2010,10551,10553
Czech Republic,2015,10645,10632
Czech Republic,2020,10703,10712
Democratic Republic of the Congo,1955,14953,3312
Democratic Republic of the Congo,1960,16611,9199
Democratic Republic of the Congo,1965,18856,15086
Democratic Republic of the Congo,1970,21781,20973
Democratic Republic of the Congo,1975,25033,26859
Democratic Republic of the Congo,1980,29011,32746
Democratic Republic of the Congo,1985,33348,38633
Democratic Republic of the Congo,1990,39152,44520
Democratic Republic of the Congo,1995,46705,50406
Democratic Republic of the Congo,2000,52446,56293
Democratic Republic of the Congo,2005,60699,62180
Democratic Republic of the Congo,2010,69852,68066
Democratic Republic of the Congo,2015,79376,73953
Democratic Republic of the Congo,2020,89250,79840
Denmark,1955,4440,4631
Denmark,1960,4582,4710
Denmark,1965,4759,4790
Denmark,1970,4929,4870
Denmark,1975,5060,4950
Denmark,1980,5124,5029
Denmark,1985,5114,5109
Denmark,1990,5141,5189
Denmark,1995,5233,5269
Denmark,2000,5338,5349
Denmark,2005,5433,5428
Denmark,2010,5516,5508
Denmark,2015,5582,5588
Denmark,2020,5643,5668
Djibouti,1955,91,-8
Djibouti,1960,112,61
Djibouti,1965,143,130
Djibouti,1970,180,199
Djibouti,1975,227,269
Djibouti,1980,327,338
Djibouti,1985,383,408
Djibouti,1990,500,477
Djibouti,1995,554,547
Djibouti,2000,670,616
Djibouti,2005,667,686
Djibouti,2010,741,755
Djibouti,2015,829,825
Djibouti,2020,922,894
Dominica,1955,57,65
Dominica,1960,60,66
Dominica,1965,64,67
Dominica,1970,70,68
Dominica,1975,74,68
Dominica,1980,74,69
Dominica,1985,74,70
Dominica,1990,71,71
Dominica,1995,72,72
Dominica,2000,71,73
Dominica,2005,73,74
Dominica,2010,73,75
Dominica,2015,74,76
Dominica,2020,75,77
Dominican Republic,1955,2738,2451
Dominican Republic,1960,3232,3115
Dominican Republic,1965,3806,3780
Dominican Republic,1970,4423,4444
Dominican Republic,1975,5049,5108
Dominican Republic,1980,5697,5772
Dominican Republic,1985,6379,6436
Dominican Republic,1990,7084,7100
Dominican Republic,1995,7759,7765
Dominican Republic,2000,8469,8429
Dominican Republic,2005,9165,9093
Dominican Republic,2010,9824,9757
Dominican Republic,2015,10479,10421
Dominican Republic,2020,11110,11085
Ecuador,1955,3843,2867
Ecuador,1960,4416,3932
Ecuador,1965,5118,4996
Ecuador,1970,5940,6061
Ecuador,1975,6872,7125
Ecuador,1980,7921,8190
Ecuador,1985,9062,9254
Ecuador,1990,10319,10319
Ecuador,1995,11266,11383
Ecuador,2000,12446,12447
Ecuador,2005,13663,13512
Ecuador,2010,14791,14576
Ecuador,2015,15869,15641
Ecuador,2020,16905,16705
Egypt,1955,23856,15743
Egypt,1960,26847,21658
Egypt,1965,30266,27572
Egypt,1970,33575,33487
Egypt,1975,36953,39401
Egypt,1980,42635,45316
Egypt,1985,50053,51230
Egypt,1990,54908,57145
Egypt,1995,58946,63059
Egypt,2000,65159,68974
Egypt,2005,72544,74888
Egypt,2010,80472,80803
Egypt,2015,88488,86717
Egypt,2020,99667,92632
El Salvador,1955,2222,2665
El Salvador,1960,2582,2981
El Salvador,1965,3018,3296
El Salvador,1970,3604,3612
El Salvador,1975,4073,3928
El Salvador,1980,4571,4244
El Salvador,1985,4672,4560
El Salvador,1990,5110,4875
El Salvador,1995,5480,5191
El Salvador,2000,5850,5507
El Salvador,2005,5957,5823
El Salvador,2010,6053,6139
El Salvador,2015,6142,6454
El Salvador,2020,6218,6770
Equatorial Guinea,1955,226,93
Equatorial Guinea,1960,244,141
Equatorial Guinea,1965,253,189
Equatorial Guinea,1970,271,237
Equatorial Guinea,1975,214,285
Equatorial Guinea,1980,257,333
Equatorial Guinea,1985,326,381
Equatorial Guinea,1990,372,429
Equatorial Guinea,1995,427,477
Equatorial Guinea,2000,492,525
Equatorial Guinea,2005,568,573
Equatorial Guinea,2010,651,622
Equatorial Guinea,2015,741,670
Equatorial Guinea,2020,837,718
Eritrea,1955,1499,619
Eritrea,1960,1615,1065
Eritrea,1965,1747,1511
Eritrea,1970,2161,1956
Eritrea,1975,2422,2402
Eritrea,1980,2569,2847
Eritrea,1985,2942,3293
Eritrea,1990,3138,3739
Eritrea,1995,3566,4184
Eritrea,2000,4198,4630
Eritrea,2005,5070,5076
Eritrea,2010,5793,5521
Eritrea,2015,6528,5967
Eritrea,2020,7260,6413
Estonia,1955,1155,1383
Estonia,1960,1211,1384
Estonia,1965,1288,1385
Estonia,1970,1364,1386
Estonia,1975,1433,1387
Estonia,1980,1483,1388
Estonia,1985,1539,1389
Estonia,1990,1570,1390
Estonia,1995,1447,1391
Estonia,2000,1380,1392
Estonia,2005,1332,1394
Estonia,2010,1303,1395
Estonia,2015,1266,1396
Estonia,2020,1229,1397
Eswatini,1955,312,162
Eswatini,1960,352,265
Eswatini,1965,400,368
Eswatini,1970,456,472
Eswatini,1975,521,575
Eswatini,1980,612,679
Eswatini,1985,722,782
Eswatini,1990,882,885
Eswatini,1995,1004,989
Eswatini,2000,1144,1092
Eswatini,2005,1259,1196
Eswatini,2010,1355,1299
Eswatini,2015,1436,1402
Eswatini,2020,1514,1506
Ethiopia,1955,21991,6243
Ethiopia,1960,24169,13360
Ethiopia,1965,26741,20478
Ethiopia,1970,29469,27595
Ethiopia,1975,32976,34712
Ethiopia,1980,36037,41829
Ethiopia,1985,40684,48947
Ethiopia,1990,47555,56064
Ethiopia,1995,55726,63181
Ethiopia,2000,64366,70298
Ethiopia,2005,74355,77416
Ethiopia,2010,86043,84533
Ethiopia,2015,99466,91650
Ethiopia,2020,114641,98767
Faroe Islands,1955,33,35
Faroe Islands,1960,35,36
Faroe Islands,1965,38,38
Faroe Islands,1970,39,39
Faroe Islands,1975,41,41
Faroe Islands,1980,44,42
Faroe Islands,1985,46,43
Faroe Islands,1990,48,45
Faroe Islands,1995,44,46
Faroe Islands,2000,46,47
Faroe Islands,2005,49,49
Faroe Islands,2010,50,50
Faroe Islands,2015,51,51
Faroe Islands,2020,52,53
Federated States of Micronesia,1955,36,44
Federated States of Micronesia,1960,42,50
Federated States of Micronesia,1965,49,57
Federated States of Micronesia,1970,57,63
Federated States of Micronesia,1975,67,69
Federated States of Micronesia,1980,78,75
Federated States of Micronesia,1985,91,81
Federated States of Micronesia,1990,109,87
Federated States of Micronesia,1995,106,94
Federated States of Micronesia,2000,108,100
Federated States of Micronesia,2005,109,106
Federated States of Micronesia,2010,108,112
Federated States of Micronesia,2015,106,118
Federated States of Micronesia,2020,103,124
Fiji,1955,333,390
Fiji,1960,394,435
Fiji,1965,464,480
Fiji,1970,522,526
Fiji,1975,577,571
Fiji,1980,635,616
Fiji,1985,699,662
Fiji,1990,740,707
Fiji,1995,773,752
Fiji,2000,805,798
Fiji,2005,837,843
Fiji,2010,876,888
Fiji,2015,910,934
Fiji,2020,936,979
Finland,1955,4235,4341
Finland,1960,4430,4434
Finland,1965,4564,4527
Finland,1970,4607,4620
Finland,1975,4712,4713
Finland,1980,4780,4806
Finland,1985,4902,4899
Finland,1990,4987,4992
Finland,1995,5105,5085
Finland,2000,5169,5178
Finland,2005,5239,5271
Finland,2010,5355,5364
Finland,2015,5477,5457
Finland,2020,5572,5550
France,1955,44243,46392
France,1960,46612,48073
France,1965,49834,49754
France,1970,51955,51435
France,1975,53998,53117
France,1980,55164,54798
France,1985,56561,56479
France,1990,58256,58160
France,1995,59824,59841
France,2000,61256,61522
France,2005,63060,63204
France,2010,64941,64885
France,2015,66554,66566
France,2020,67849,68247
French Polynesia,1955,72,61
French Polynesia,1960,82,80
French Polynesia,1965,95,98
French Polynesia,1970,115,117
French Polynesia,1975,134,136
French Polynesia,1980,151,155
French Polynesia,1985,176,173
French Polynesia,1990,200,192
French Polynesia,1995,217,211
French Polynesia,2000,236,230
French Polynesia,2005,254,248
French Polynesia,2010,269,267
French Polynesia,2015,283,286
French Polynesia,2020,296,305
Gabon,1955,429,182
Gabon,1960,447,302
Gabon,1965,475,423
Gabon,1970,515,543
Gabon,1975,648,663
Gabon,1980,714,783
Gabon,1985,834,903
Gabon,1990,939,1023
Gabon,1995,1070,1143
Gabon,2000,1237,1263
Gabon,2005,1396,1384
Gabon,2010,1546,1504
Gabon,2015,1706,1624
Gabon,2020,1877,1744
Gambia,1955,307,12
Gambia,1960,352,164
Gambia,1965,412,316
Gambia,1970,485,467
Gambia,1975,566,619
Gambia,1980,653,771
Gambia,1985,773,922
Gambia,1990,952,1074
Gambia,1995,1162,1226
Gambia,2000,1357,1377
Gambia,2005,1548,1529
Gambia,2010,1756,1681
Gambia,2015,1968,1832
Gambia,2020,2174,1984
Georgia,1955,3828,4555
Georgia,1960,4147,4607
Georgia,1965,4465,4659
Georgia,1970,4695,4712
Georgia,1975,4898,4764
Georgia,1980,5046,4816
Georgia,1985,5193,4869
Georgia,1990,5432,4921
Georgia,1995,5042,4973
Georgia,2000,4819,5026
Georgia,2005,4791,5078
Georgia,2010,4903,5131
Georgia,2015,4932,5183
Georgia,2020,4931,5235
Germany,1955,70196,74070
Germany,1960,72481,74855
Germany,1965,75639,75641
Germany,1970,77784,76426
Germany,1975,78683,77211
Germany,1980,78298,77996
Germany,1985,77685,78781
Germany,1990,79381,79566
Germany,1995,81654,80351
Germany,2000,82184,81136
Germany,2005,82440,81921
Germany,2010,81645,82706
Germany,2015,80855,83491
Germany,2020,82983,84276
Ghana,1955,6049,3342
Ghana,1960,6959,5181
Ghana,1965,8010,7019
Ghana,1970,8789,8858
Ghana,1975,10100,10696
Ghana,1980,11153,12535
Ghana,1985,13573,14374
Ghana,1990,15549,16212
Ghana,1995,17322,18051
Ghana,2000,18982,19890
Ghana,2005,21107,21728
Ghana,2010,23572,23567
Ghana,2015,26328,25405
Ghana,2020,29341,27244
Gibraltar,1955,24,26
Gibraltar,1960,25,26
Gibraltar,1965,26,26
Gibraltar,1970,27,27
Gibraltar,1975,30,27
Gibraltar,1980,29,27
Gibraltar,1985,29,28
Gibraltar,1990,30,28
Gibraltar,1995,27,28
Gibraltar,2000,28,29
Gibraltar,2005,29,29
Gibraltar,2010,29,29
Gibraltar,2015,30,30
Gibraltar,2020,30,30
Greece,1955,7966,8277
Greece,1960,8328,8506
Greece,1965,8551,8735
Greece,1970,8793,8964
Greece,1975,9047,9193
Greece,1980,9643,9422
Greece,1985,9924,9651
Greece,1990,10130,9880
Greece,1995,10458,10109
Greece,2000,10560,10338
Greece,2005,10669,10567
Greece,2010,10750,10796
Greece,2015,10776,11024
Greece,2020,10743,11253
Greenland,1955,27,38
Greenland,1960,33,40
Greenland,1965,40,42
Greenland,1970,47,44
Greenland,1975,50,46
Greenland,1980,51,48
Greenland,1985,54,50
Greenland,1990,56,52
Greenland,1995,57,54
Greenland,2000,57,56
Greenland,2005,58,58
Greenland,2010,58,60
Greenland,2015,58,62
Greenland,2020,58,64
Grenada,1955,85,87
Grenada,1960,91,89
Grenada,1965,94,91
Grenada,1970,96,92
Grenada,1975,96,94
Grenada,1980,91,95
Grenada,1985,94,97
Grenada,1990,95,99
Grenada,1995,98,100
Grenada,2000,102,102
Grenada,2005,105,104
Grenada,2010,108,105
Grenada,2015,111,107
Grenada,2020,114,109
Guam,1955,69,62
Guam,1960,67,71
Guam,1965,75,80
Guam,1970,87,90
Guam,1975,103,99
Guam,1980,107,108
Guam,1985,121,117
Guam,1990,135,126
Guam,1995,145,136
Guam,2000,156,145
Guam,2005,159,154
Guam,2010,160,163
Guam,2015,162,173
Guam,2020,169,182
Guatemala,1955,3488,2216
Guatemala,1960,4100,3225
Guatemala,1965,4746,4234
Guatemala,1970,5265,5243
Guatemala,1975,5911,6252
Guatemala,1980,6650,7261
Guatemala,1985,7581,8270
Guatemala,1990,8966,9279
Guatemala,1995,10028,10288
Guatemala,2000,11086,11297
Guatemala,2005,12183,12306
Guatemala,2010,13551,13315
Guatemala,2015,14919,14324
Guatemala,2020,16265,15333
Guernsey,1955,47,47
Guernsey,1960,47,48
Guernsey,1965,51,50
Guernsey,1970,54,52
Guernsey,1975,54,53
Guernsey,1980,54,55
Guernsey,1985,56,57
Guernsey,1990,63,59
Guernsey,1995,61,60
Guernsey,2000,62,62
Guernsey,2005,64,64
Guernsey,2010,65,65
Guernsey,2015,67,67
Guernsey,2020,68,69
Guinea,1955,2787,986
Guinea,1960,3027,1833
Guinea,1965,3314,2680
Guinea,1970,3644,3526
Guinea,1975,4019,4373
Guinea,1980,4448,5219
Guinea,1985,5227,6066
Guinea,1990,6119,6913
Guinea,1995,7446,7759
Guinea,2000,8351,8606
Guinea,2005,9154,9452
Guinea,2010,10325,10299
Guinea,2015,11781,11146
Guinea,2020,13420,11992
Guinea-Bissau,1955,592,320
Guinea-Bissau,1960,617,429
Guinea-Bissau,1965,604,538
Guinea-Bissau,1970,621,647
Guinea-Bissau,1975,681,757
Guinea-Bissau,1980,789,866
Guinea-Bissau,1985,886,975
Guinea-Bissau,1990,996,1084
Guinea-Bissau,1995,1144,1194
Guinea-Bissau,2000,1279,1303
Guinea-Bissau,2005,1415,1412
Guinea-Bissau,2010,1566,1521
Guinea-Bissau,2015,1727,1630
Guinea-Bissau,2020,1893,1740
Guyana,1955,492,656
Guyana,1960,572,668
Guyana,1965,641,680
Guyana,1970,715,693
Guyana,1975,768,705
Guyana,1980,760,717
Guyana,1985,763,729
Guyana,1990,772,742
Guyana,1995,769,754
Guyana,2000,785,766
Guyana,2005,775,778
Guyana,2010,746,791
Guyana,2015,736,803
Guyana,2020,751,815
Haiti,1955,3365,2730
Haiti,1960,3697,3338
Haiti,1965,4094,3947
Haiti,1970,4541,4555
Haiti,1975,4974,5164
Haiti,1980,5508,5772
Haiti,1985,6120,6380
Haiti,1990,6798,6989
Haiti,1995,7571,7597
Haiti,2000,8413,8206
Haiti,2005,9205,8814
Haiti,2010,9649,9423
Haiti,2015,10111,10031
Haiti,2020,10693,10639
Honduras,1955,1663,712
Honduras,1960,1952,1343
Honduras,1965,2330,1975
Honduras,1970,2761,2607
Honduras,1975,2858,3238
Honduras,1980,3403,3870
Honduras,1985,4078,4501
Honduras,1990,4795,5133
Honduras,1995,5551,5765
Honduras,2000,6360,6396
Honduras,2005,7194,7028
Honduras,2010,7990,7660
Honduras,2015,8747,8291
Honduras,2020,9466,8923
Hong Kong,1955,2491,2981
Hong Kong,1960,3076,3350
Hong Kong,1965,3598,3720
Hong Kong,1970,3960,4089
Hong Kong,1975,4396,4459
Hong Kong,1980,5064,4829
Hong Kong,1985,5457,5198
Hong Kong,1990,5688,5568
Hong Kong,1995,6223,5937
Hong Kong,2000,6656,6307
Hong Kong,2005,6905,6676
Hong Kong,2010,7030,7046
Hong Kong,2015,7142,7415
Hong Kong,2020,7250,7785
Hungary,1955,9826,10448
Hungary,1960,9984,10421
Hungary,1965,10153,10393
Hungary,1970,10338,10365
Hungary,1975,10532,10337
Hungary,1980,10712,10310
Hungary,1985,10649,10282
Hungary,1990,10372,10254
Hungary,1995,10281,10226
Hungary,2000,10148,10199
Hungary,2005,10058,10171
Hungary,2010,9993,10143
Hungary,2015,9898,10115
Hungary,2020,9772,10088
Iceland,1955,159,159
Iceland,1960,176,173
Iceland,1965,193,188
Iceland,1970,205,202
Iceland,1975,219,216
Iceland,1980,229,231
Iceland,1985,242,245
Iceland,1990,255,260
Iceland,1995,268,274
Iceland,2000,282,288
Iceland,2005,297,303
Iceland,2010,318,317
Iceland,2015,332,331
Iceland,2020,358,346
India,1955,404268,333658
India,1960,445394,408182
India,1965,494964,482706
India,1970,553889,557229
India,1975,618923,631753
India,1980,684888,706277
India,1985,759613,780800
India,1990,838159,855324
India,1995,920585,929847
India,2000,1006301,1004371
India,2005,1090974,1078895
India,2010,1173109,1153418
India,2015,1251696,1227942
India,2020,1326094,1302466
Indonesia,1955,90255,78274
Indonesia,1960,100146,93351
Indonesia,1965,110754,108429
Indonesia,1970,122292,123507
Indonesia,1975,135214,138585
Indonesia,1980,150322,153662
Indonesia,1985,166070,168740
Indonesia,1990,181600,183818
Indonesia,1995,197604,198895
Indonesia,2000,214091,213973
Indonesia,2005,229245,229051
Indonesia,2010,243423,244129
Indonesia,2015,255994,259206
Indonesia,2020,279080,274284
Iran,1955,18739,13490
Iran,1960,21600,19315
Iran,1965,25040,25140
Iran,1970,28995,30965
Iran,1975,33468,36790
Iran,1980,39709,42615
Iran,1985,48619,48440
Iran,1990,58101,54265
Iran,1995,64218,60090
Iran,2000,68632,65915
Iran,2005,72283,71740
Iran,2010,76924,77565
Iran,2015,81825,83390
Iran,2020,86544,89215
Iraq,1955,5904,620
Iraq,1960,6823,3426
Iraq,1965,7971,6233
Iraq,1970,9414,9040
Iraq,1975,11118,11847
Iraq,1980,13233,14654
Iraq,1985,15694,17460
Iraq,1990,18140,20267
Iraq,1995,19658,23074
Iraq,2000,23129,25881
Iraq,2005,27538,28688
Iraq,2010,30527,31494
Iraq,2015,37057,34301
Iraq,2020,42213,37108
Ireland,1955,2917,2440
Ireland,1960,2833,2625
Ireland,1965,2877,2809
Ireland,1970,2951,2993
Ireland,1975,3178,3178
Ireland,1980,3402,3362
Ireland,1985,3541,3546
Ireland,1990,3509,3730
Ireland,1995,3614,3915
Ireland,2000,3823,4099
Ireland,2005,4200,4283
Ireland,2010,4623,4468
Ireland,2015,4893,4652
Ireland,2020,5177,4836
Isle of Man,1955,52,43
Isle of Man,1960,48,47
Isle of Man,1965,49,51
Isle of Man,1970,53,54
Isle of Man,1975,60,58
Isle of Man,1980,65,62
Isle of Man,1985,65,65
Isle of Man,1990,69,69
Isle of Man,1995,73,72
Isle of Man,2000,76,76
Isle of Man,2005,80,80
Isle of Man,2010,84,83
Isle of Man,2015,88,87
Isle of Man,2020,91,91
Israel,1955,1771,1104
Israel,1960,2139,1670
Israel,1965,2573,2236
Israel,1970,2895,2801
Israel,1975,3342,3367
Israel,1980,3721,3932
Israel,1985,4050,4498
Israel,1990,4460,5064
Israel,1995,5335,5629
Israel,2000,6098,6195
Israel,2005,6726,6760
Israel,2010,7369,7326
Israel,2015,8050,7892
Israel,2020,9178,8457
Italy,1955,48634,50677
Italy,1960,50198,51580
Italy,1965,51988,52483
Italy,1970,53662,53386
Italy,1975,55572,54288
Italy,1980,56452,55191
Italy,1985,56719,56094
Italy,1990,56714,56997
Italy,1995,57295,57899
Italy,2000,57785,58802
Italy,2005,59038,59705
Italy,2010,60749,60608
Italy,2015,61856,61511
Italy,2020,62403,62413
Ivory Coast,1955,3165,125
Ivory Coast,1960,3577,1989
Ivory Coast,1965,4357,3853
Ivory Coast,1970,5580,5717
Ivory Coast,1975,7031,7581
Ivory Coast,1980,8594,9445
Ivory Coast,1985,10332,11309
Ivory Coast,1990,12491,13173
Ivory Coast,1995,14846,15037
Ivory Coast,2000,16885,16901
Ivory Coast,2005,18921,18765
Ivory Coast,2010,21059,20629
Ivory Coast,2015,23296,22493
Ivory Coast,2020,25504,24357
Jamaica,1955,1489,1585
Jamaica,1960,1632,1699
Jamaica,1965,1778,1814
Jamaica,1970,1944,1928
Jamaica,1975,2105,2043
Jamaica,1980,2229,2158
Jamaica,1985,2319,2272
Jamaica,1990,2348,2387
Jamaica,1995,2470,2502
Jamaica,2000,2616,2616
Jamaica,2005,2737,2731
Jamaica,2010,2848,2846
Jamaica,2015,2951,2960
Jamaica,2020,3052,3075
Japan,1955,89816,97725
Japan,1960,94092,100639
Japan,1965,98883,103553
Japan,1970,104345,106467
Japan,1975,111574,109381
Japan,1980,116808,112295
Japan,1985,120755,115209
Japan,1990,123538,118123
Japan,1995,125328,121037
Japan,2000,126776,123951
Japan,2005,127716,126865
Japan,2010,127580,129779
Japan,2015,126920,132693
Japan,2020,126138,135607
Jersey,1955,60,60
Jersey,1960,63,63
Jersey,1965,67,66
Jersey,1970,70,69
Jersey,1975,73,72
Jersey,1980,76,76
Jersey,1985,80,79
Jersey,1990,84,82
Jersey,1995,85,85
Jersey,2000,88,88
Jersey,2005,89,91
Jersey,2010,94,94
Jersey,2015,98,97
Jersey,2020,102,100
Jordan,1955,689,-291
Jordan,1960,853,278
Jordan,1965,1069,849
Jordan,1970,1516,1419
Jordan,1975,1822,1990
Jordan,1980,2190,2560
Jordan,1985,2669,3131
Jordan,1990,3321,3701
Jordan,1995,4249,4272
Jordan,2000,4786,4842
Jordan,2005,5363,5413
Jordan,2010,6501,5983
Jordan,2015,8118,6554
Jordan,2020,7690,7124
Kazakhstan,1955,7977,10961
Kazakhstan,1960,9983,11621
Kazakhstan,1965,11903,12280
Kazakhstan,1970,13107,12940
Kazakhstan,1975,14158,13599
Kazakhstan,1980,15000,14259
Kazakhstan,1985,15999,14919
Kazakhstan,1990,16776,15578
Kazakhstan,1995,16390,16238
Kazakhstan,2000,15688,16897
Kazakhstan,2005,16123,17557
Kazakhstan,2010,17085,18216
Kazakhstan,2015,18158,18876
Kazakhstan,2020,19092,19536
Kenya,1955,7034,949
Kenya,1960,8157,4417
Kenya,1965,9550,7885
Kenya,1970,11248,11353
Kenya,1975,13434,14821
Kenya,1980,16331,18290
Kenya,1985,19763,21758
Kenya,1990,23361,25226
Kenya,1995,27164,28694
Kenya,2000,30606,32162
Kenya,2005,35247,35630
Kenya,2010,40844,39099
Kenya,2015,45926,42567
Kenya,2020,49859,46035
Kiribati,1955,37,30
Kiribati,1960,41,36
Kiribati,1965,45,42
Kiribati,1970,49,48
Kiribati,1975,54,54
Kiribati,1980,58,60
Kiribati,1985,63,67
Kiribati,1990,72,73
Kiribati,1995,77,79
Kiribati,2000,86,85
Kiribati,2005,93,91
Kiribati,2010,100,97
Kiribati,2015,106,103
Kiribati,2020,112,109
Kosovo,1955,854,1017
Kosovo,1960,947,1106
Kosovo,1965,1079,1194
Kosovo,1970,1220,1283
Kosovo,1975,1370,1372
Kosovo,1980,1522,1461
Kosovo,1985,1683,1550
Kosovo,1990,1862,1638
Kosovo,1995,2029,1727
Kosovo,2000,1701,1816
Kosovo,2005,1768,1905
Kosovo,2010,1816,1994
Kosovo,2015,1871,2082
Kosovo,2020,1933,2171
Kuwait,1955,187,148
Kuwait,1960,293,372
Kuwait,1965,477,595
Kuwait,1970,748,819
Kuwait,1975,1007,1042
Kuwait,1980,1370,1266
Kuwait,1985,1733,1489
Kuwait,1990,2132,1713
Kuwait,1995,1665,1936
Kuwait,2000,1973,2160
Kuwait,2005,2257,2383
Kuwait,2010,2544,2607
Kuwait,2015,2789,2830
Kuwait,2020,2994,3054
Kyrgyzstan,1955,1902,2016
Kyrgyzstan,1960,2172,2334
Kyrgyzstan,1965,2574,2652
Kyrgyzstan,1970,2964,2970
Kyrgyzstan,1975,3301,3289
Kyrgyzstan,1980,3632,3607
Kyrgyzstan,1985,4062,3925
Kyrgyzstan,1990,4484,4244
Kyrgyzstan,1995,4621,4562
Kyrgyzstan,2000,4938,4880
Kyrgyzstan,2005,5165,5198
Kyrgyzstan,2010,5411,5517
Kyrgyzstan,2015,5665,5835
Kyrgyzstan,2020,5965,6153
Laos,1955,2078,1493
Laos,1960,2310,1921
Laos,1965,2566,2349
Laos,1970,2845,2777
Laos,1975,3162,3204
Laos,1980,3294,3632
Laos,1985,3658,4060
Laos,1990,4211,4488
Laos,1995,4847,4916
Laos,2000,5398,5344
Laos,2005,5837,5772
Laos,2010,6369,6199
Laos,2015,6912,6627
Laos,2020,7448,7055
Latvia,1955,2003,2452
Latvia,1960,2116,2437
Latvia,1965,2254,2421
Latvia,1970,2362,2406
Latvia,1975,2462,2390
Latvia,1980,2525,2375
Latvia,1985,2607,2359
Latvia,1990,2664,2344
Latvia,1995,2481,2328
Latvia,2000,2369,2313
Latvia,2005,2259,2297
Latvia,2010,2116,2282
Latvia,2015,1987,2266
Latvia,2020,1882,2251
Lebanon,1955,1561,1462
Lebanon,1960,1787,1752
Lebanon,1965,2058,2042
Lebanon,1970,2384,2332
Lebanon,1975,2693,2622
Lebanon,1980,2902,2912
Lebanon,1985,3177,3202
Lebanon,1990,3452,3492
Lebanon,1995,3673,3782
Lebanon,2000,3835,4072
Lebanon,2005,4139,4362
Lebanon,2010,4493,4652
Lebanon,2015,6185,4941
Lebanon,2020,5470,5231
Lesotho,1955,787,816
Lesotho,1960,859,922
Lesotho,1965,953,1029
Lesotho,1970,1068,1135
Lesotho,1975,1196,1241
Lesotho,1980,1359,1347
Lesotho,1985,1552,1453
Lesotho,1990,1704,1560
Lesotho,1995,1848,1666
Lesotho,2000,1917,1772
Lesotho,2005,1923,1878
Lesotho,2010,1920,1984
Lesotho,2015,1948,2090
Lesotho,2020,1970,2197
Liberia,1955,929,518
Liberia,1960,1055,786
Liberia,1965,1209,1054
Liberia,1970,1397,1322
Liberia,1975,1617,1590
Liberia,1980,1858,1858
Liberia,1985,2162,2126
Liberia,1990,2139,2394
Liberia,1995,1901,2662
Liberia,2000,2601,2930
Liberia,2005,2931,3198
Liberia,2010,3686,3466
Liberia,2015,4196,3734
Liberia,2020,4728,4002
Libya,1955,1123,695
Libya,1960,1338,1178
Libya,1965,1624,1661
Libya,1970,2000,2144
Libya,1975,2569,2627
Libya,1980,3061,3110
Libya,1985,3661,3593
Libya,1990,4099,4076
Libya,1995,4584,4559
Libya,2000,5025,5041
Libya,2005,5571,5524
Libya,2010,6111,6007
Libya,2015,6412,6490
Libya,2020,6943,6973
Liechtenstein,1955,15,15
Liechtenstein,1960,17,17
Liechtenstein,1965,19,19
Liechtenstein,1970,22,21
Liechtenstein,1975,24,23
Liechtenstein,1980,26,25
Liechtenstein,1985,27,27
Liechtenstein,1990,29,29
Liechtenstein,1995,31,30
Liechtenstein,2000,33,32
Liechtenstein,2005,35,34
Liechtenstein,2010,37,36
Liechtenstein,2015,38,38
Liechtenstein,2020,40,40
Lithuania,1955,2615,3185
Lithuania,1960,2765,3195
Lithuania,1965,2960,3205
Lithuania,1970,3138,3215
Lithuania,1975,3306,3225
Lithuania,1980,3436,3235
Lithuania,1985,3588,3245
Lithuania,1990,3684,3255
Lithuania,1995,3510,3265
Lithuania,2000,3490,3275
Lithuania,2005,3327,3285
Lithuania,2010,3089,3295
Lithuania,2015,2885,3305
Lithuania,2020,2732,3315
Luxembourg,1955,305,261
Luxembourg,1960,314,284
Luxembourg,1965,332,307
Luxembourg,1970,340,330
Luxembourg,1975,359,353
Luxembourg,1980,365,376
Luxembourg,1985,368,399
Luxembourg,1990,383,422
Luxembourg,1995,410,445
Luxembourg,2000,439,468
Luxembourg,2005,468,491
Luxembourg,2010,510,514
Luxembourg,2015,571,537
Luxembourg,2020,629,560
Macau,1955,193,129
Macau,1960,187,164
Macau,1965,224,198
Macau,1970,262,233
Macau,1975,255,267
Macau,1980,256,302
Macau,1985,306,336
Macau,1990,352,371
Macau,1995,402,405
Macau,2000,432,440
Macau,2005,475,474
Macau,2010,568,509
Macau,2015,593,543
Macau,2020,615,578
Madagascar,1955,5003,1309
Madagascar,1960,5482,3034
Madagascar,1965,6071,4760
Madagascar,1970,6766,6485
Madagascar,1975,7604,8211
Madagascar,1980,8692,9936
Madagascar,1985,10029,11662
Madagascar,1990,11633,13387
Madagascar,1995,13533,15113
Madagascar,2000,15713,16838
Madagascar,2005,18132,18564
Madagascar,2010,20847,20289
Madagascar,2015,23813,22015
Madagascar,2020,26956,23740
Malawi,1955,3089,186
Malawi,1960,3451,1578
Malawi,1965,3915,2970
Malawi,1970,4509,4363
Malawi,1975,5318,5755
Malawi,1980,6258,7147
Malawi,1985,7321,8539
Malawi,1990,9360,9931
Malawi,1995,9809,11323
Malawi,2000,11130,12715
Malawi,2005,12864,14107
Malawi,2010,15183,15500
Malawi,2015,17965,16892
Malawi,2020,21197,18284
Malaysia,1955,7312,4589
Malaysia,1960,8429,6643
Malaysia,1965,9648,8697
Malaysia,1970,10911,10751
Malaysia,1975,12131,12805
Malaysia,1980,13461,14859
Malaysia,1985,15650,16912
Malaysia,1990,17883,18966
Malaysia,1995,20340,21020
Malaysia,2000,23152,23074
Malaysia,2005,25969,25128
Malaysia,2010,28275,27182
Malaysia,2015,30514,29235
Malaysia,2020,32653,31289
Maldives,1955,81,36
Maldives,1960,93,64
Maldives,1965,98,91
Maldives,1970,115,118
Maldives,1975,133,145
Maldives,1980,153,173
Maldives,1985,178,200
Maldives,1990,217,227
Maldives,1995,261,254
Maldives,2000,300,282
Maldives,2005,337,309
Maldives,2010,396,336
Maldives,2015,394,364
Maldives,2020,392,391
Mali,1955,4072,1705
Mali,1960,4495,2873
Mali,1965,4978,4041
Mali,1970,5547,5208
Mali,1975,6218,6376
Mali,1980,6869,7543
Mali,1985,7623,8711
Mali,1990,8487,9879
Mali,1995,9489,11046
Mali,2000,10788,12214
Mali,2005,12528,13382
Mali,2010,14583,14549
Mali,2015,16956,15717
Mali,2020,19714,16884
Malta,1955,315,306
Malta,1960,329,314
Malta,1965,320,323
Malta,1970,326,332
Malta,1975,328,340
Malta,1980,365,349
Malta,1985,348,358
Malta,1990,360,366
Malta,1995,377,375
Malta,2000,390,384
Malta,2005,399,392
Malta,2010,407,401
Malta,2015,414,410
Malta,2020,420,418
Marshall Islands,1955,13,7
Marshall Islands,1960,16,12
Marshall Islands,1965,18,17
Marshall Islands,1970,22,23
Marshall Islands,1975,27,28
Marshall Islands,1980,31,33
Marshall Islands,1985,39,39
Marshall Islands,1990,46,44
Marshall Islands,1995,50,49
Marshall Islands,2000,54,55
Marshall Islands,2005,60,60
Marshall Islands,2010,66,65
Marshall Islands,2015,73,71
Marshall Islands,2020,78,76
Mauritania,1955,1054,552
Mauritania,1960,1118,785
Mauritania,1965,1196,1018
Mauritania,1970,1290,1252
Mauritania,1975,1405,1485
Mauritania,1980,1545,1718
Mauritania,1985,1724,1951
Mauritania,1990,1925,2184
Mauritania,1995,2235,2417
Mauritania,2000,2501,2650
Mauritania,2005,2838,2884
Mauritania,2010,3206,3117
Mauritania,2015,3597,3350
Mauritania,2020,4006,3583
Mauritius,1955,572,645
Mauritius,1960,664,704
Mauritius,1965,756,763
Mauritius,1970,830,821
Mauritius,1975,886,880
Mauritius,1980,964,939
Mauritius,1985,1021,998
Mauritius,1990,1062,1057
Mauritius,1995,1124,1116
Mauritius,2000,1186,1175
Mauritius,2005,1243,1234
Mauritius,2010,1295,1293
Mauritius,2015,1340,1352
Mauritius,2020,1380,1411
Mexico,1955,32930,30552
Mexico,1960,38579,38163
Mexico,1965,45143,45774
Mexico,1970,52776,53385
Mexico,1975,60679,60996
Mexico,1980,68348,68607
Mexico,1985,76601,76218
Mexico,1990,84635,83829
Mexico,1995,92584,91440
Mexico,2000,99776,99051
Mexico,2005,106577,106662
Mexico,2010,114062,114273
Mexico,2015,121737,121884
Mexico,2020,128650,129495
Moldova,1955,2623,3540
Moldova,1960,2999,3583
Moldova,1965,3334,3627
Moldova,1970,3595,3670
Moldova,1975,3847,3714
Moldova,1980,3997,3757
Moldova,1985,4149,3800
Moldova,1990,4375,3844
Moldova,1995,4356,3887
Moldova,2000,4181,3931
Moldova,2005,3949,3974
Moldova,2010,3732,4018
Moldova,2015,3547,4061
Moldova,2020,3365,4105
Monaco,1955,19,21
Monaco,1960,21,22
Monaco,1965,23,23
Monaco,1970,24,24
Monaco,1975,26,25
Monaco,1980,27,26
Monaco,1985,29,27
Monaco,1990,30,28
Monaco,1995,31,29
Monaco,2000,32,30
Monaco,2005,32,31
Monaco,2010,31,32
Monaco,2015,31,33
Monaco,2020,31,34
Mongolia,1955,845,724
Mongolia,1960,955,914
Mongolia,1965,1091,1104
Mongolia,1970,1248,1294
Mongolia,1975,1446,1484
Mongolia,1980,1656,1674
Mongolia,1985,1860,1864
Mongolia,1990,2122,2054
Mongolia,1995,2307,2244
Mongolia,2000,2461,2435
Mongolia,2005,2603,2625
Mongolia,2010,2784,2815
Mongolia,2015,2993,3005
Mongolia,2020,3169,3195
Montenegro,1955,432,465
Montenegro,1960,462,483
Montenegro,1965,492,501
Montenegro,1970,515,520
Montenegro,1975,550,538
Montenegro,1980,561,557
Montenegro,1985,561,575
Montenegro,1990,584,593
Montenegro,1995,671,612
Montenegro,2000,733,630
Montenegro,2005,700,648
Montenegro,2010,667,667
Montenegro,2015,648,685
Montenegro,2020,640,704
Montserrat,1955,13,14
Montserrat,1960,13,13
Montserrat,1965,12,13
Montserrat,1970,12,12
Montserrat,1975,13,11
Montserrat,1980,12,11
Montserrat,1985,12,10
Montserrat,1990,11,9
Montserrat,1995,11,9
Montserrat,2000,4,8
Montserrat,2005,5,8
Montserrat,2010,6,7
Montserrat,2015,6,6
Montserrat,2020,6,6
Morocco,1955,10782,9521
Morocco,1960,12424,11623
Morocco,1965,14067,13725
Morocco,1970,15910,15826
Morocco,1975,17688,17928
Morocco,1980,19488,20030
Morocco,1985,21644,22132
Morocco,1990,24000,24234
Morocco,1995,26148,26336
Morocco,2000,28114,28438
Morocco,2005,29901,30540
Morocco,2010,31628,32642
Morocco,2015,33323,34744
Morocco,2020,37956,36846
Mozambique,1955,6782,4036
Mozambique,1960,7473,5699
Mozambique,1965,8302,7361
Mozambique,1970,9305,9024
Mozambique,1975,10433,10687
Mozambique,1980,12103,12349
Mozambique,1985,13294,14012
Mozambique,1990,12990,15675
Mozambique,1995,15889,17337
Mozambique,2000,17997,19000
Mozambique,2005,20069,20662
Mozambique,2010,22418,22325
Mozambique,2015,25304,23988
Mozambique,2020,28604,25650
Myanmar,1955,21050,18483
Myanmar,1960,22840,21618
Myanmar,1965,24938,24752
Myanmar,1970,27393,27886
Myanmar,1975,30330,31020
Myanmar,1980,33337,34155
Myanmar,1985,36766,37289
Myanmar,1990,40464,40423
Myanmar,1995,43994,43558
Myanmar,2000,47439,46692
Myanmar,2005,50573,49826
Myanmar,2010,53415,52961
Myanmar,2015,56321,56095
Myanmar,2020,59126,59229
Namibia,1955,522,356
Namibia,1960,591,510
Namibia,1965,671,664
Namibia,1970,765,818
Namibia,1975,916,972
Namibia,1980,1059,1126
Namibia,1985,1205,1280
Namibia,1990,1471,1434
Namibia,1995,1682,1588
Namibia,2000,1894,1742
Namibia,2005,2029,1896
Namibia,2010,2129,2050
Namibia,2015,2213,2204
Namibia,2020,2263,2358
Nauru,1955,4,5
Nauru,1960,5,6
Nauru,1965,6,6
Nauru,1970,7,7
Nauru,1975,8,7
Nauru,1980,8,7
Nauru,1985,9,8
Nauru,1990,10,8
Nauru,1995,10,9
Nauru,2000,10,9
Nauru,2005,11,10
Nauru,2010,10,10
Nauru,2015,10,11
Nauru,2020,10,11
Nepal,1955,9480,5739
Nepal,1960,10035,7805
Nepal,1965,10863,9872
Nepal,1970,11919,11938
Nepal,1975,13156,14004
Nepal,1980,14666,16071
Nepal,1985,16570,18137
Nepal,1990,18919,20203
Nepal,1995,21877,22270
Nepal,2000,24819,24336
Nepal,2005,27094,26402
Nepal,2010,28952,28468
Nepal,2015,31552,30535
Nepal,2020,34209,32601
Netherlands,1955,10759,11526
Netherlands,1960,11494,11999
Netherlands,1965,12302,12473
Netherlands,1970,13043,12946
Netherlands,1975,13665,13419
Netherlands,1980,14156,13892
Netherlands,1985,14505,14366
Netherlands,1990,14966,14839
Netherlands,1995,15477,15312
Netherlands,2000,15931,15786
Netherlands,2005,16300,16259
Netherlands,2010,16574,16732
Netherlands,2015,16948,17205
Netherlands,2020,17281,17679
New Caledonia,1955,65,56
New Caledonia,1960,79,74
New Caledonia,1965,91,91
New Caledonia,1970,113,108
New Caledonia,1975,134,126
New Caledonia,1980,140,143
New Caledonia,1985,153,161
New Caledonia,1990,169,178
New Caledonia,1995,192,196
New Caledonia,2000,212,213
New Caledonia,2005,233,230
New Caledonia,2010,253,248
New Caledonia,2015,272,265
New Caledonia,2020,291,283
New Zealand,1955,2137,2245
New Zealand,1960,2372,2428
New Zealand,1965,2641,2612
New Zealand,1970,2829,2795
New Zealand,1975,3118,2979
New Zealand,1980,3171,3162
New Zealand,1985,3324,3345
New Zealand,1990,3414,3529
New Zealand,1995,3643,3712
New Zealand,2000,3803,3896
New Zealand,2005,4049,4079
New Zealand,2010,4253,4263
New Zealand,2015,4439,4446
New Zealand,2020,4715,4629
Nicaragua,1955,1278,860
Nicaragua,1960,1493,1277
Nicaragua,1965,1751,1694
Nicaragua,1970,2053,2111
Nicaragua,1975,2395,2527
Nicaragua,1980,2804,2944
Nicaragua,1985,3181,3361
Nicaragua,1990,3644,3777
Nicaragua,1995,4402,4194
Nicaragua,2000,4867,4611
Nicaragua,2005,5268,5027
Nicaragua,2010,5605,5444
Nicaragua,2015,5908,5861
Nicaragua,2020,6204,6278
Niger,1955,3560,437
Niger,1960,3913,1759
Niger,1965,4344,3080
Niger,1970,4841,4402
Niger,1975,5420,5724
Niger,1980,6094,7045
Niger,1985,6870,8367
Niger,1990,7826,9689
Niger,1995,9111,11010
Niger,2000,10726,12332
Niger,2005,12783,13654
Niger,2010,15271,14976
Niger,2015,18046,16297
Niger,2020,21152,17619
Nigeria,1955,35955,14851
Nigeria,1960,41551,27960
Nigeria,1965,48068,41069
Nigeria,1970,55591,54178
Nigeria,1975,64428,67287
Nigeria,1980,74829,80396
Nigeria,1985,84898,93505
Nigeria,1990,96685,106614
Nigeria,1995,109753,119723
Nigeria,2000,123946,132832
Nigeria,2005,141190,145941
Nigeria,2010,160342,159050
Nigeria,2015,181563,172159
Nigeria,2020,204950,185267
North Korea,1955,8864,10259
North Korea,1960,10448,11580
North Korea,1965,11965,12901
North Korea,1970,14062,14222
North Korea,1975,16015,15543
North Korea,1980,17391,16864
North Korea,1985,18831,18185
North Korea,1990,20452,19506
North Korea,1995,22108,20828
North Korea,2000,22785,22149
North Korea,2005,23621,23470
North Korea,2010,24326,24791
North Korea,2015,24984,26112
North Korea,2020,25644,27433
North Macedonia,1955,1341,1397
North Macedonia,1960,1367,1460
North Macedonia,1965,1470,1523
North Macedonia,1970,1575,1587
North Macedonia,1975,1685,1650
North Macedonia,1980,1793,1714
North Macedonia,1985,1845,1777
North Macedonia,1990,1862,1840
North Macedonia,1995,1955,1904
North Macedonia,2000,2015,1967
North Macedonia,2005,2046,2030
North Macedonia,2010,2073,2094
North Macedonia,2015,2097,2157
North Macedonia,2020,2113,2221
Northern Mariana Islands,1955,8,-1
Northern Mariana Islands,1960,9,4
Northern Mariana Islands,1965,11,9
Northern Mariana Islands,1970,13,15
Northern Mariana Islands,1975,15,21
Northern Mariana Islands,1980,17,26
Northern Mariana Islands,1985,22,32
Northern Mariana Islands,1990,45,38
Northern Mariana Islands,1995,58,43
Northern Mariana Islands,2000,70,49
Northern Mariana Islands,2005,71,55
Northern Mariana Islands,2010,54,60
Northern Mariana Islands,2015,53,66
Northern Mariana Islands,2020,58,72
Norway,1955,3428,3390
Norway,1960,3582,3529
Norway,1965,3724,3669
Norway,1970,3878,3808
Norway,1975,4008,3947
Norway,1980,4086,4087
Norway,1985,4153,4226
Norway,1990,4243,4366
Norway,1995,4360,4505
Norway,2000,4493,4644
Norway,2005,4625,4784
Norway,2010,4892,4923
Norway,2015,5208,5062
Norway,2020,5468,5202
Oman,1955,540,45
Oman,1960,602,307
Oman,1965,682,570
Oman,1970,784,832
Oman,1975,921,1095
Oman,1980,1186,1357
Oman,1985,1498,1620
Oman,1990,1795,1882
Oman,1995,2139,2145
Oman,2000,2433,2407
Oman,2005,2697,2670
Oman,2010,2968,2932
Oman,2015,3287,3194
Oman,2020,3635,3457
Pakistan,1955,45536,25950
Pakistan,1960,51719,39823
Pakistan,1965,59047,53696
Pakistan,1970,67492,67569
Pakistan,1975,76457,81442
Pakistan,1980,85220,95315
Pakistan,1985,102079,109188
Pakistan,1990,118817,123062
Pakistan,1995,134186,136935
Pakistan,2000,152430,150808
Pakistan,2005,169279,164681
Pakistan,2010,184405,178554
Pakistan,2015,199086,192427
Pakistan,2020,213720,206300
Palau,1955,9,8
Palau,1960,10,10
Palau,1965,11,11
Palau,1970,13,12
Palau,1975,13,13
Palau,1980,14,14
Palau,1985,14,15
Palau,1990,16,16
Palau,1995,18,17
Palau,2000,20,18
Palau,2005,21,19
Palau,2010,21,20
Palau,2015,22,21
Palau,2020,22,22
Palestine,1955,1055,67
Palestine,1960,1115,406
Palestine,1965,1212,745
Palestine,1970,1033,1085
Palestine,1975,1201,1424
Palestine,1980,1361,1763
Palestine,1985,1578,2102
Palestine,1990,1899,2441
Palestine,1995,2508,2780
Palestine,2000,3111,3120
Palestine,2005,3599,3459
Palestine,2010,4120,3798
Palestine,2015,4656,4137
Palestine,2020,5181,4476
Panama,1955,1011,843
Panama,1960,1148,1072
Panama,1965,1326,1301
Panama,1970,1532,1531
Panama,1975,1750,1760
Panama,1980,1960,1990
Panama,1985,2168,2219
Panama,1990,2394,2449
Panama,1995,2639,2678
Panama,2000,2900,2908
Panama,2005,3156,3137
Panama,2010,3411,3366
Panama,2015,3658,3596
Panama,2020,3895,3825
Papua New Guinea,1955,1546,796
Papua New Guinea,1960,1719,1255
Papua New Guinea,1965,1941,1714
Papua New Guinea,1970,2214,2173
Papua New Guinea,1975,2505,2633
Papua New Guinea,1980,2847,3092
Papua New Guinea,1985,3229,3551
Papua New Guinea,1990,3683,4010
Papua New Guinea,1995,4216,4469
Papua New Guinea,2000,4813,4928
Papua New Guinea,2005,5440,5387
Papua New Guinea,2010,6065,5846
Papua New Guinea,2015,6673,6305
Papua New Guinea,2020,7260,6765
Paraguay,1955,1684,1133
Paraguay,1960,1910,1591
Paraguay,1965,2171,2049
Paraguay,1970,2477,2507
Paraguay,1975,2849,2965
Paraguay,1980,3172,3423
Paraguay,1985,3634,3881
Paraguay,1990,4201,4339
Paraguay,1995,4826,4797
Paraguay,2000,5419,5255
Paraguay,2005,5926,5713
Paraguay,2010,6376,6171
Paraguay,2015,6784,6629
Paraguay,2020,7192,7087
Peru,1955,8672,7838
Peru,1960,9932,9750
Peru,1965,11468,11663
Peru,1970,13193,13575
Peru,1975,15162,15488
Peru,1980,17296,17400
Peru,1985,19380,19313
Peru,1990,21565,21225
Peru,1995,23864,23137
Peru,2000,25797,25050
Peru,2005,27443,26962
Peru,2010,28948,28875
Peru,2015,30445,30787
Peru,2020,31915,32699
Philippines,1955,24336,16803
Philippines,1960,28026,23566
Philippines,1965,32391,30329
Philippines,1970,37253,37092
Philippines,1975,42406,43855
Philippines,1980,48290,50618
Philippines,1985,54589,57381
Philippines,1990,61481,64144
Philippines,1995,68472,70907
Philippines,2000,76452,77670
Philippines,2005,84965,84433
Philippines,2010,93137,91196
Philippines,2015,100999,97959
Philippines,2020,109181,104722
Poland,1955,27221,30704
Poland,1960,29590,31495
Poland,1965,31263,32286
Poland,1970,32527,33077
Poland,1975,33970,33868
Poland,1980,35579,34659
Poland,1985,37226,35450
Poland,1990,38120,36241
Poland,1995,38601,37032
Poland,2000,38655,37823
Poland,2005,38557,38614
Poland,2010,38617,39405
Poland,2015,38563,40196
Poland,2020,38283,40987
Portugal,1955,8693,8798
Portugal,1960,9037,8963
Portugal,1965,9129,9127
Portugal,1970,9045,9292
Portugal,1975,9412,9457
Portugal,1980,9778,9621
Portugal,1985,9898,9786
Portugal,1990,9923,9950
Portugal,1995,10066,10115
Portugal,2000,10336,10279
Portugal,2005,10567,10444
Portugal,2010,10736,10609
Portugal,2015,10826,10773
Portugal,2020,10843,10938
Puerto Rico,1955,2251,2488
Puerto Rico,1960,2359,2605
Puerto Rico,1965,2597,2721
Puerto Rico,1970,2722,2838
Puerto Rico,1975,2936,2955
Puerto Rico,1980,3210,3071
Puerto Rico,1985,3383,3188
Puerto Rico,1990,3537,3305
Puerto Rico,1995,3684,3422
Puerto Rico,2000,3811,3538
Puerto Rico,2005,3822,3655
Puerto Rico,2010,3722,3772
Puerto Rico,2015,3599,3889
Puerto Rico,2020,3520,4005
Qatar,1955,36,-486
Qatar,1960,46,-313
Qatar,1965,71,-140
Qatar,1970,113,31
Qatar,1975,165,204
Qatar,1980,230,377
Qatar,1985,343,550
Qatar,1990,434,723
Qatar,1995,510,895
Qatar,2000,640,1068
Qatar,2005,973,1241
Qatar,2010,1720,1414
Qatar,2015,2195,1586
Qatar,2020,2445,1759
Republic of the Congo,1955,904,189
Republic of the Congo,1960,1003,530
Republic of the Congo,1965,1124,871
Republic of the Congo,1970,1273,1212
Republic of the Congo,1975,1456,1553
Republic of the Congo,1980,1676,1894
Republic of the Congo,1985,1927,2235
Republic of the Congo,1990,2221,2576
Republic of the Congo,1995,2570,2917
Republic of the Congo,2000,2940,3258
Republic of the Congo,2005,3473,3599
Republic of the Congo,2010,4238,3940
Republic of the Congo,2015,4756,4281
Republic of the Congo,2020,5294,4623
Romania,1955,17326,19662
Romania,1960,18404,19933
Romania,1965,19028,20205
Romania,1970,20253,20476
Romania,1975,21246,20748
Romania,1980,22131,21019
Romania,1985,22522,21291
Romania,1990,22866,21562
Romania,1995,22688,21833
Romania,2000,22448,22105
Romania,2005,22198,22376
Romania,2010,21960,22648
Romania,2015,21667,22919
Romania,2020,21303,23191
Russia,1955,111126,124999
Russia,1960,119632,127193
Russia,1965,126542,129388
Russia,1970,130246,131582
Russia,1975,134294,133777
Russia,1980,139039,135971
Russia,1985,143938,138166
Russia,1990,147973,140360
Russia,1995,148759,142554
Russia,2000,147054,144749
Russia,2005,143320,146943
Russia,2010,142527,149138
Russia,2015,142424,151332
Russia,2020,145723,153527
Rwanda,1955,2699,1023
Rwanda,1960,3032,1900
Rwanda,1965,3265,2777
Rwanda,1970,3770,3653
Rwanda,1975,4357,4530
Rwanda,1980,5140,5407
Rwanda,1985,5987,6284
Rwanda,1990,7000,7160
Rwanda,1995,5473,8037
Rwanda,2000,8399,8914
Rwanda,2005,9612,9790
Rwanda,2010,11056,10667
Rwanda,2015,12662,11544
Rwanda,2020,14328,12421
Saint Barthélemy,1955,3,1
Saint Barthélemy,1960,3,2
Saint Barthélemy,1965,3,2
Saint Barthélemy,1970,3,3
Saint Barthélemy,1975,3,3
Saint Barthélemy,1980,3,4
Saint Barthélemy,1985,4,4
Saint Barthélemy,1990,6,5
Saint Barthélemy,1995,7,5
Saint Barthélemy,2000,8,6
Saint Barthélemy,2005,8,7
Saint Barthélemy,2010,8,7
Saint Barthélemy,2015,8,8
Saint Barthélemy,2020,8,8
"Saint Helena, Ascension and Tristan da Cunha",1955,6,5
"Saint Helena, Ascension and Tristan da Cunha",1960,6,6
"Saint Helena, Ascension and Tristan da Cunha",1965,6,6
"Saint Helena, Ascension and Tristan da Cunha",1970,6,6
"Saint Helena, Ascension and Tristan da Cunha",1975,7,6
"Saint Helena, Ascension and Tristan da Cunha",1980,7,6
"Saint Helena, Ascension and Tristan da Cunha",1985,8,7
"Saint Helena, Ascension and Tristan da Cunha",1990,7,7
"Saint Helena, Ascension and Tristan da Cunha",1995,7,7
"Saint Helena, Ascension and Tristan da Cunha",2000,8,7
"Saint Helena, Ascension and Tristan da Cunha",2005,8,7
"Saint Helena, Ascension and Tristan da Cunha",2010,8,7
"Saint Helena, Ascension and Tristan da Cunha",2015,8,8
"Saint Helena, Ascension and Tristan da Cunha",2020,8,8
Saint Kitts and Nevis,1955,50,46
Saint Kitts and Nevis,1960,52,46
Saint Kitts and Nevis,1965,49,46
Saint Kitts and Nevis,1970,47,46
Saint Kitts and Nevis,1975,45,46
Saint Kitts and Nevis,1980,44,46
Saint Kitts and Nevis,1985,43,46
Saint Kitts and Nevis,1990,42,46
Saint Kitts and Nevis,1995,44,47
Saint Kitts and Nevis,2000,46,47
Saint Kitts and Nevis,2005,48,47
Saint Kitts and Nevis,2010,50,47
Saint Kitts and Nevis,2015,52,47
Saint Kitts and Nevis,2020,54,47
Saint Lucia,1955,86,84
Saint Lucia,1960,88,91
Saint Lucia,1965,95,98
Saint Lucia,1970,103,105
Saint Lucia,1975,113,112
Saint Lucia,1980,123,120
Saint Lucia,1985,132,127
Saint Lucia,1990,138,134
Saint Lucia,1995,147,141
Saint Lucia,2000,154,148
Saint Lucia,2005,158,155
Saint Lucia,2010,161,162
Saint Lucia,2015,164,169
Saint Lucia,2020,167,176
Saint Martin,1955,4,0
Saint Martin,1960,5,2
Saint Martin,1965,5,5
Saint Martin,1970,6,8
Saint Martin,1975,7,11
Saint Martin,1980,8,14
Saint Martin,1985,16,17
Saint Martin,1990,31,20
Saint Martin,1995,33,23
Saint Martin,2000,29,26
Saint Martin,2005,28,29
Saint Martin,2010,31,32
Saint Martin,2015,32,35
Saint Martin,2020,33,38
Saint Pierre and Miquelon,1955,5,5
Saint Pierre and Miquelon,1960,5,5
Saint Pierre and Miquelon,1965,6,5
Saint Pierre and Miquelon,1970,6,6
Saint Pierre and Miquelon,1975,6,6
Saint Pierre and Miquelon,1980,6,6
Saint Pierre and Miquelon,1985,7,6
Saint Pierre and Miquelon,1990,7,6
Saint Pierre and Miquelon,1995,7,6
Saint Pierre and Miquelon,2000,7,6
Saint Pierre and Miquelon,2005,7,6
Saint Pierre and Miquelon,2010,6,6
Saint Pierre and Miquelon,2015,6,6
Saint Pierre and Miquelon,2020,6,6
Saint Vincent and the Grenadines,1955,76,85
Saint Vincent and the Grenadines,1960,82,87
Saint Vincent and the Grenadines,1965,86,89
Saint Vincent and the Grenadines,1970,88,91
Saint Vincent and the Grenadines,1975,93,93
Saint Vincent and the Grenadines,1980,99,95
Saint Vincent and the Grenadines,1985,104,98
Saint Vincent and the Grenadines,1990,108,100
Saint Vincent and the Grenadines,1995,109,102
Saint Vincent and the Grenadines,2000,108,104
Saint Vincent and the Grenadines,2005,107,106
Saint Vincent and the Grenadines,2010,105,108
Saint Vincent and the Grenadines,2015,103,110
Saint Vincent and the Grenadines,2020,102,112
Samoa,1955,94,116
Samoa,1960,111,123
Samoa,1965,128,130
Samoa,1970,143,137
Samoa,1975,151,144
Samoa,1980,160,151
Samoa,1985,161,158
Samoa,1990,163,165
Samoa,1995,169,172
Samoa,2000,177,179
Samoa,2005,185,186
Samoa,2010,193,192
Samoa,2015,198,199
Samoa,2020,204,206
San Marino,1955,14,14
San Marino,1960,16,15
San Marino,1965,18,17
San Marino,1970,20,18
San Marino,1975,20,20
San Marino,1980,22,21
San Marino,1985,23,23
San Marino,1990,24,24
San Marino,1995,25,26
San Marino,2000,28,27
San Marino,2005,30,29
San Marino,2010,32,30
San Marino,2015,34,32
San Marino,2020,35,34
Saudi Arabia,1955,4244,145
Saudi Arabia,1960,4719,2408
Saudi Arabia,1965,5328,4672
Saudi Arabia,1970,6110,6935
Saudi Arabia,1975,7208,9199
Saudi Arabia,1980,10022,11462
Saudi Arabia,1985,13331,13726
Saudi Arabia,1990,16061,15989
Saudi Arabia,1995,18756,18252
Saudi Arabia,2000,21312,20516
Saudi Arabia,2005,23643,22779
Saudi Arabia,2010,25732,25043
Saudi Arabia,2015,27753,27306
Saudi Arabia,2020,29819,29570
Senegal,1955,2927,1169
Senegal,1960,3270,2167
Senegal,1965,3744,3165
Senegal,1970,4318,4163
Senegal,1975,4990,5161
Senegal,1980,5612,6159
Senegal,1985,6379,7158
Senegal,1990,7348,8156
Senegal,1995,8379,9154
Senegal,2000,9470,10152
Senegal,2005,10805,11150
Senegal,2010,12324,12148
Senegal,2015,13976,13147
Senegal,2020,15737,14145
Serbia,1955,6314,7156
Serbia,1960,6659,7191
Serbia,1965,6959,7225
Serbia,1970,7249,7260
Serbia,1975,7432,7294
Serbia,1980,7588,7329
Serbia,1985,7720,7363
Serbia,1990,7787,7398
Serbia,1995,7692,7432
Serbia,2000,7605,7467
Serbia,2005,7503,7501
Serbia,2010,7345,7535
Serbia,2015,7177,7570
Serbia,2020,7013,7604
Seychelles,1955,36,40
Seychelles,1960,42,44
Seychelles,1965,48,49
Seychelles,1970,55,53
Seychelles,1975,60,58
Seychelles,1980,64,62
Seychelles,1985,68,66
Seychelles,1990,71,71
Seychelles,1995,75,75
Seychelles,2000,80,79
Seychelles,2005,84,84
Seychelles,2010,89,88
Seychelles,2015,93,92
Seychelles,2020,96,97
Sierra Leone,1955,2233,1798
Sierra Leone,1960,2397,2125
Sierra Leone,1965,2582,2452
Sierra Leone,1970,2790,2779
Sierra Leone,1975,3031,3107
Sierra Leone,1980,3336,3434
Sierra Leone,1985,3704,3761
Sierra Leone,1990,4229,4088
Sierra Leone,1995,3882,4415
Sierra Leone,2000,3810,4742
Sierra Leone,2005,4709,5069
Sierra Leone,2010,5246,5396
Sierra Leone,2015,5880,5723
Sierra Leone,2020,6625,6050
Singapore,1955,1306,865
Singapore,1960,1647,1235
Singapore,1965,1887,1604
Singapore,1970,2075,1974
Singapore,1975,2263,2344
Singapore,1980,2414,2713
Singapore,1985,2750,3083
Singapore,1990,3048,3453
Singapore,1995,3567,3823
Singapore,2000,4064,4192
Singapore,2005,4606,4562
Singapore,2010,5141,4932
Singapore,2015,5675,5301
Singapore,2020,6210,5671
Sint Maarten,1955,3,-2
Sint Maarten,1960,3,1
Sint Maarten,1965,5,5
Sint Maarten,1970,7,9
Sint Maarten,1975,11,12
Sint Maarten,1980,13,16
Sint Maarten,1985,20,20
Sint Maarten,1990,30,24
Sint Maarten,1995,32,27
Sint Maarten,2000,31,31
Sint Maarten,2005,34,35
Sint Maarten,2010,38,38
Sint Maarten,2015,41,42
Sint Maarten,2020,44,46
Slovakia,1955,3727,4203
Slovakia,1960,3995,4325
Slovakia,1965,4370,4446
Slovakia,1970,4524,4568
Slovakia,1975,4730,4689
Slovakia,1980,4966,4811
Slovakia,1985,5145,4932
Slovakia,1990,5263,5054
Slovakia,1995,5362,5175
Slovakia,2000,5401,5297
Slovakia,2005,5408,5418
Slovakia,2010,5427,5539
Slovakia,2015,5446,5661
Slovakia,2020,5441,5782
Slovenia,1955,1518,1594
Slovenia,1960,1558,1634
Slovenia,1965,1621,1673
Slovenia,1970,1676,1713
Slovenia,1975,1723,1753
Slovenia,1980,1834,1792
Slovenia,1985,1915,1832
Slovenia,1990,1992,1872
Slovenia,1995,2003,1911
Slovenia,2000,2011,1951
Slovenia,2005,2012,1991
Slovenia,2010,2004,2030
Slovenia,2015,1984,2070
Slovenia,2020,1952,2110
Solomon Islands,1955,115,25
Solomon Islands,1960,127,72
Solomon Islands,1965,144,118
Solomon Islands,1970,164,165
Solomon Islands,1975,194,212
Solomon Islands,1980,231,259
Solomon Islands,1985,273,305
Solomon Islands,1990,322,352
Solomon Islands,1995,376,399
Solomon Islands,2000,434,446
Solomon Islands,2005,496,492
Solomon Islands,2010,560,539
Solomon Islands,2015,623,586
Solomon Islands,2020,686,633
Somalia,1955,2674,1741
Somalia,1960,2956,2462
Somalia,1965,3283,3182
Somalia,1970,3667,3903
Somalia,1975,4128,4623
Somalia,1980,5794,5344
Somalia,1985,6459,6065
Somalia,1990,6693,6785
Somalia,1995,6401,7506
Somalia,2000,7501,8226
Somalia,2005,8791,8947
Somalia,2010,9768,9667
Somalia,2015,10617,10388
Somalia,2020,11758,11108
South Africa,1955,15369,13235
South Africa,1960,17417,16663
South Africa,1965,19899,20091
South Africa,1970,22740,23519
South Africa,1975,25816,26947
South Africa,1980,29252,30374
South Africa,1985,34255,33802
South Africa,1990,38504,37230
South Africa,1995,42148,40658
South Africa,2000,44914,44086
South Africa,2005,48105,47514
South Africa,2010,51123,50942
South Africa,2015,53676,54370
South Africa,2020,56464,57797
South Korea,1955,21552,26010
South Korea,1960,24785,28132
South Korea,1965,28706,30254
South Korea,1970,32242,32376
South Korea,1975,35282,34497
South Korea,1980,38125,36619
South Korea,1985,40807,38741
South Korea,1990,42870,40863
South Korea,1995,45106,42984
South Korea,2000,46839,45106
South Korea,2005,48006,47228
South Korea,2010,48637,49349
South Korea,2015,49116,51471
South Korea,2020,49362,53593
South Sudan,1955,2757,352
South Sudan,1960,2809,1213
South Sudan,1965,2862,2074
South Sudan,1970,2915,2934
South Sudan,1975,3396,3795
South Sudan,1980,4668,4656
South Sudan,1985,5320,5517
South Sudan,1990,4960,6378
South Sudan,1995,5193,7239
South Sudan,2000,6297,8100
South Sudan,2005,7634,8961
South Sudan,2010,9585,9822
South Sudan,2015,12043,10683
South Sudan,2020,14559,11544
Spain,1955,29319,29122
Spain,1960,30642,30644
Spain,1965,32085,32166
Spain,1970,33877,33688
Spain,1975,35564,35210
Spain,1980,37489,36732
Spain,1985,38535,38255
Spain,1990,39351,39777
Spain,1995,39765,41299
Spain,2000,40590,42821
Spain,2005,43705,44343
Spain,2010,46506,45865
Spain,2015,48147,47388
Spain,2020,50016,48910
Sri Lanka,1955,8694,9301
Sri Lanka,1960,9914,10373
Sri Lanka,1965,11261,11445
Sri Lanka,1970,12619,12517
Sri Lanka,1975,13780,13590
Sri Lanka,1980,15056,14662
Sri Lanka,1985,15848,15734
Sri Lanka,1990,16862,16807
Sri Lanka,1995,17942,17879
Sri Lanka,2000,19042,18951
Sri Lanka,2005,20103,20023
Sri Lanka,2010,21084,21096
Sri Lanka,2015,22054,22168
Sri Lanka,2020,22890,23240
Sudan,1955,7391,2897
Sudan,1960,8447,5640
Sudan,1965,9653,8382
Sudan,1970,11031,11125
Sudan,1975,12708,13868
Sudan,1980,14784,16610
Sudan,1985,17507,19353
Sudan,1990,21130,22096
Sudan,1995,24517,24838
Sudan,2000,27068,27581
Sudan,2005,29884,30324
Sudan,2010,32997,33066
Sudan,2015,36109,35809
Sudan,2020,41131,38551
Suriname,1955,241,265
Suriname,1960,285,289
Suriname,1965,337,313
Suriname,1970,373,337
Suriname,1975,363,361
Suriname,1980,355,385
Suriname,1985,395,409
Suriname,1990,417,433
Suriname,1995,428,457
Suriname,2000,465,480
Suriname,2005,504,504
Suriname,2010,546,528
Suriname,2015,580,552
Suriname,2020,610,576
Sweden,1955,7263,7287
Sweden,1960,7481,7490
Sweden,1965,7734,7694
Sweden,1970,8043,7897
Sweden,1975,8193,8101
Sweden,1980,8311,8305
Sweden,1985,8357,8508
Sweden,1990,8601,8712
Sweden,1995,8878,8915
Sweden,2000,8925,9119
Sweden,2005,9083,9323
Sweden,2010,9433,9526
Sweden,2015,9802,9730
Sweden,2020,10203,9934
Switzerland,1955,4981,5362
Switzerland,1960,5363,5585
Switzerland,1965,5944,5808
Switzerland,1970,6268,6031
Switzerland,1975,6404,6255
Switzerland,1980,6386,6478
Switzerland,1985,6568,6701
Switzerland,1990,6844,6925
Switzerland,1995,7165,7148
Switzerland,2000,7278,7371
Switzerland,2005,7449,7594
Switzerland,2010,7770,7818
Switzerland,2015,8122,8041
Switzerland,2020,8404,8264
Syria,1955,3938,1754
Syria,1960,4531,3333
Syria,1965,5323,4912
Syria,1970,6253,6491
Syria,1975,7398,8070
Syria,1980,8740,9649
Syria,1985,10479,11228
Syria,1990,12534,12807
Syria,1995,14487,14386
Syria,2000,16515,15965
Syria,2005,18615,17544
Syria,2010,21766,19123
Syria,2015,17065,20703
Syria,2020,22347,22282
São Tomé and Príncipe,1955,61,38
São Tomé and Príncipe,1960,64,50
São Tomé and Príncipe,1965,69,62
São Tomé and Príncipe,1970,74,74
São Tomé and Príncipe,1975,82,87
São Tomé and Príncipe,1980,95,99
São Tomé and Príncipe,1985,105,111
São Tomé and Príncipe,1990,116,123
São Tomé and Príncipe,1995,128,135
São Tomé and Príncipe,2000,141,148
São Tomé and Príncipe,2005,158,160
São Tomé and Príncipe,2010,176,172
São Tomé and Príncipe,2015,195,184
São Tomé and Príncipe,2020,212,196
Taiwan,1955,9486,11615
Taiwan,1960,11210,12697
Taiwan,1965,12978,13779
Taiwan,1970,14599,14861
Taiwan,1975,16123,15944
Taiwan,1980,17849,17026
Taiwan,1985,19338,18108
Taiwan,1990,20279,19190
Taiwan,1995,21291,20272
Taiwan,2000,22185,21354
Taiwan,2005,22728,22436
Taiwan,2010,23127,23518
Taiwan,2015,23416,24600
Taiwan,2020,23604,25682
Tajikistan,1955,1781,1285
Tajikistan,1960,2081,1850
Tajikistan,1965,2511,2414
Tajikistan,1970,2939,2978
Tajikistan,1975,3449,3543
Tajikistan,1980,3967,4107
Tajikistan,1985,4569,4672
Tajikistan,1990,5273,5236
Tajikistan,1995,5679,5800
Tajikistan,2000,6230,6365
Tajikistan,2005,6815,6929
Tajikistan,2010,7488,7494
Tajikistan,2015,8192,8058
Tajikistan,2020,8874,8622
Tanzania,1955,8971,1643
Tanzania,1960,10260,5485
Tanzania,1965,11871,9328
Tanzania,1970,13807,13170
Tanzania,1975,16148,17012
Tanzania,1980,18654,20855
Tanzania,1985,21485,24697
Tanzania,1990,24805,28540
Tanzania,1995,29065,32382
Tanzania,2000,33194,36224
Tanzania,2005,38487,40067
Tanzania,2010,44289,43909
Tanzania,2015,51046,47751
Tanzania,2020,58553,51594
Thailand,1955,23452,27083
Thailand,1960,27513,30760
Thailand,1965,32062,34436
Thailand,1970,37091,38112
Thailand,1975,42273,41788
Thailand,1980,47026,45464
Thailand,1985,51759,49140
Thailand,1990,56097,52816
Thailand,1995,59818,56492
Thailand,2000,62902,60168
Thailand,2005,65113,63845
Thailand,2010,66721,67521
Thailand,2015,67977,71197
Thailand,2020,68978,74873
Timor-Leste,1955,473,355
Timor-Leste,1960,509,423
Timor-Leste,1965,554,490
Timor-Leste,1970,598,557
Timor-Leste,1975,677,624
Timor-Leste,1980,558,691
Timor-Leste,1985,649,758
Timor-Leste,1990,740,826
Timor-Leste,1995,868,893
Timor-Leste,2000,768,960
Timor-Leste,2005,985,1027
Timor-Leste,2010,1088,1094
Timor-Leste,2015,1232,1161
Timor-Leste,2020,1384,1229
Togo,1955,1299,139
Togo,1960,1456,714
Togo,1965,1648,1290
Togo,1970,1965,1865
Togo,1975,2267,2440
Togo,1980,2626,3016
Togo,1985,3130,3591
Togo,1990,3721,4166
Togo,1995,4203,4742
Togo,2000,4992,5317
Togo,2005,5715,5892
Togo,2010,6588,6468
Togo,2015,7553,7043
Togo,2020,8609,7618
Tonga,1955,55,71
Tonga,1960,64,74
Tonga,1965,75,77
Tonga,1970,84,81
Tonga,1975,90,84
Tonga,1980,92,87
Tonga,1985,95,90
Tonga,1990,97,94
Tonga,1995,98,97
Tonga,2000,101,100
Tonga,2005,104,103
Tonga,2010,106,107
Tonga,2015,107,110
Tonga,2020,107,113
Trinidad and Tobago,1955,721,893
Trinidad and Tobago,1960,842,928
Trinidad and Tobago,1965,940,963
Trinidad and Tobago,1970,956,998
Trinidad and Tobago,1975,1007,1033
Trinidad and Tobago,1980,1091,1067
Trinidad and Tobago,1985,1190,1102
Trinidad and Tobago,1990,1256,1137
Trinidad and Tobago,1995,1265,1172
Trinidad and Tobago,2000,1252,1207
Trinidad and Tobago,2005,1237,1242
Trinidad and Tobago,2010,1229,1277
Trinidad and Tobago,2015,1223,1311
Trinidad and Tobago,2020,1209,1346
Tunisia,1955,3847,3341
Tunisia,1960,4150,3995
Tunisia,1965,4566,4649
Tunisia,1970,5099,5303
Tunisia,1975,5704,5956
Tunisia,1980,6444,6610
Tunisia,1985,7364,7264
Tunisia,1990,8208,7918
Tunisia,1995,8947,8571
Tunisia,2000,9508,9225
Tunisia,2005,10013,9879
Tunisia,2010,10526,10533
Tunisia,2015,11038,11186
Tunisia,2020,11495,11840
Turkey,1955,24145,22736
Turkey,1960,28218,27405
Turkey,1965,31951,32073
Turkey,1970,35759,36742
Turkey,1975,40530,41411
Turkey,1980,45048,46080
Turkey,1985,50989,50748
Turkey,1990,56545,55417
Turkey,1995,61296,60086
Turkey,2000,65970,64755
Turkey,2005,70465,69423
Turkey,2010,74687,74092
Turkey,2015,79415,78761
Turkey,2020,82018,83429
Turkmenistan,1955,1348,1121
Turkmenistan,1960,1585,1484
Turkmenistan,1965,1883,1847
Turkmenistan,1970,2182,2210
Turkmenistan,1975,2524,2572
Turkmenistan,1980,2876,2935
Turkmenistan,1985,3241,3298
Turkmenistan,1990,3659,3661
Turkmenistan,1995,4079,4024
Turkmenistan,2000,4386,4387
Turkmenistan,2005,4665,4749
Turkmenistan,2010,4941,5112
Turkmenistan,2015,5232,5475
Turkmenistan,2020,5929,5838
Turks and Caicos Islands,1955,6,-6
Turks and Caicos Islands,1960,6,-2
Turks and Caicos Islands,1965,6,0
Turks and Caicos Islands,1970,6,4
Turks and Caicos Islands,1975,7,8
Turks and Caicos Islands,1980,8,12
Turks and Caicos Islands,1985,10,15
Turks and Caicos Islands,1990,12,19
Turks and Caicos Islands,1995,15,23
Turks and Caicos Islands,2000,20,27
Turks and Caicos Islands,2005,28,30
Turks and Caicos Islands,2010,44,34
Turks and Caicos Islands,2015,51,38
Turks and Caicos Islands,2020,56,41
Tuvalu,1955,5,5
Tuvalu,1960,6,5
Tuvalu,1965,6,6
Tuvalu,1970,6,6
Tuvalu,1975,7,7
Tuvalu,1980,8,7
Tuvalu,1985,9,8
Tuvalu,1990,10,9
Tuvalu,1995,10,9
Tuvalu,2000,11,10
Tuvalu,2005,11,10
Tuvalu,2010,11,11
Tuvalu,2015,11,12
Tuvalu,2020,12,12
Uganda,1955,6318,210
Uganda,1960,7262,3032
Uganda,1965,8390,5854
Uganda,1970,9716,8675
Uganda,1975,10761,11497
Uganda,1980,12020,14319
Uganda,1985,13811,17140
Uganda,1990,16549,19962
Uganda,1995,19641,22783
Uganda,2000,22917,25605
Uganda,2005,26917,28427
Uganda,2010,31508,31248
Uganda,2015,37102,34070
Uganda,2020,43518,36892
Ukraine,1955,39369,47244
Ukraine,1960,42645,47353
Ukraine,1965,45235,47462
Ukraine,1970,47236,47571
Ukraine,1975,48974,47680
Ukraine,1980,50047,47789
Ukraine,1985,50945,47898
Ukraine,1990,51623,48007
Ukraine,1995,51248,48116
Ukraine,2000,49014,48225
Ukraine,2005,47003,48334
Ukraine,2010,45769,48443
Ukraine,2015,44430,48552
Ukraine,2020,43923,48661
United Arab Emirates,1955,83,-1315
United Arab Emirates,1960,104,-783
United Arab Emirates,1965,144,-250
United Arab Emirates,1970,250,281
United Arab Emirates,1975,523,813
United Arab Emirates,1980,1001,1346
United Arab Emirates,1985,1364,1878
United Arab Emirates,1990,1827,2411
United Arab Emirates,1995,2458,2943
United Arab Emirates,2000,3220,3475
United Arab Emirates,2005,4087,4008
United Arab Emirates,2010,4976,4540
United Arab Emirates,2015,5780,5072
United Arab Emirates,2020,6496,5605
United Kingdom,1955,50947,51734
United Kingdom,1960,52373,52683
United Kingdom,1965,54351,53632
United Kingdom,1970,55633,54580
United Kingdom,1975,56216,55529
United Kingdom,1980,56315,56478
United Kingdom,1985,56585,57426
United Kingdom,1990,57411,58375
United Kingdom,1995,58187,59324
United Kingdom,2000,59140,60272
United Kingdom,2005,60488,61221
United Kingdom,2010,62349,62170
United Kingdom,2015,64089,63118
United Kingdom,2020,65762,64067
United States,1955,165070,164725
United States,1960,179980,177551
United States,1965,193527,190378
United States,1970,203985,203205
United States,1975,215466,216032
United States,1980,227225,228858
United States,1985,237924,241685
United States,1990,249623,254512
United States,1995,266279,267339
United States,2000,282163,280165
United States,2005,295517,292992
United States,2010,309348,305819
United States,2015,321369,318646
United States,2020,334504,331472
United States Virgin Islands,1955,28,51
United States Virgin Islands,1960,33,57
United States Virgin Islands,1965,44,63
United States Virgin Islands,1970,64,69
United States Virgin Islands,1975,95,74
United States Virgin Islands,1980,100,80
United States Virgin Islands,1985,101,86
United States Virgin Islands,1990,104,92
United States Virgin Islands,1995,108,97
United States Virgin Islands,2000,109,103
United States Virgin Islands,2005,108,109
United States Virgin Islands,2010,107,115
United States Virgin Islands,2015,104,121
United States Virgin Islands,2020,101,126
Uruguay,1955,2354,2566
Uruguay,1960,2531,2635
Uruguay,1965,2694,2704
Uruguay,1970,2824,2773
Uruguay,1975,2844,2842
Uruguay,1980,2931,2911
Uruguay,1985,3019,2980
Uruguay,1990,3086,3049
Uruguay,1995,3151,3118
Uruguay,2000,3220,3187
Uruguay,2005,3265,3256
Uruguay,2010,3302,3325
Uruguay,2015,3342,3394
Uruguay,2020,3388,3463
Uzbekistan,1955,7233,6551
Uzbekistan,1960,8532,8484
Uzbekistan,1965,10206,10418
Uzbekistan,1970,11941,12351
Uzbekistan,1975,13988,14284
Uzbekistan,1980,15994,16218
Uzbekistan,1985,18216,18151
Uzbekistan,1990,20531,20084
Uzbekistan,1995,23068,22018
Uzbekistan,2000,25042,23951
Uzbekistan,2005,26540,25884
Uzbekistan,2010,27866,27818
Uzbekistan,2015,29200,29751
Uzbekistan,2020,30566,31684
Vanuatu,1955,59,29
Vanuatu,1960,67,48
Vanuatu,1965,75,67
Vanuatu,1970,86,86
Vanuatu,1975,100,105
Vanuatu,1980,117,125
Vanuatu,1985,135,144
Vanuatu,1990,154,163
Vanuatu,1995,173,182
Vanuatu,2000,192,201
Vanuatu,2005,218,221
Vanuatu,2010,246,240
Vanuatu,2015,273,259
Vanuatu,2020,299,278
Venezuela,1955,6171,4977
Venezuela,1960,7557,7002
Venezuela,1965,9068,9027
Venezuela,1970,10759,11052
Venezuela,1975,12675,13077
Venezuela,1980,14768,15102
Venezuela,1985,16998,17127
Venezuela,1990,19326,19152
Venezuela,1995,21550,21177
Venezuela,2000,23493,23201
Venezuela,2005,25270,25226
Venezuela,2010,27224,27251
Venezuela,2015,29276,29276
Venezuela,2020,31276,31301
Vietnam,1955,27739,25820
Vietnam,1960,31657,31572
Vietnam,1965,37259,37324
Vietnam,1970,42577,43076
Vietnam,1975,48076,48828
Vietnam,1980,53716,54580
Vietnam,1985,60094,60332
Vietnam,1990,67259,66084
Vietnam,1995,73784,71835
Vietnam,2000,79178,77587
Vietnam,2005,84425,83339
Vietnam,2010,89572,89091
Vietnam,2015,94349,94843
Vietnam,2020,98722,100595
Wallis and Futuna,1955,8,7
Wallis and Futuna,1960,8,8
Wallis and Futuna,1965,9,8
Wallis and Futuna,1970,9,9
Wallis and Futuna,1975,9,10
Wallis and Futuna,1980,11,11
Wallis and Futuna,1985,14,12
Wallis and Futuna,1990,14,12
Wallis and Futuna,1995,15,13
Wallis and Futuna,2000,15,14
Wallis and Futuna,2005,16,15
Wallis and Futuna,2010,16,16
Wallis and Futuna,2015,16,16
Wallis and Futuna,2020,16,17
Western Sahara,1955,16,-88
Western Sahara,1960,28,-37
Western Sahara,1965,50,12
Western Sahara,1970,90,63
Western Sahara,1975,73,113
Western Sahara,1980,125,164
Western Sahara,1985,180,214
Western Sahara,1990,218,265
Western Sahara,1995,264,315
Western Sahara,2000,337,366
Western Sahara,2005,416,416
Western Sahara,2010,492,467
Western Sahara,2015,571,517
Western Sahara,2020,653,568
World,1955,2782099,2566907
World,1960,3043002,2955696
World,1965,3350426,3344485
World,1970,3712698,3733275
World,1975,4089084,4122064
World,1980,4451363,4510853
World,1985,4856463,4899643
World,1990,5288956,5288432
World,1995,5699203,5677221
World,2000,6088572,6066011
World,2005,6473045,6454800
World,2010,6866333,6843589
World,2015,7256491,7232379
World,2020,7643403,7621168
Yemen,1955,5266,990
Yemen,1960,5872,2928
Yemen,1965,6511,4866
Yemen,1970,7099,6803
Yemen,1975,7935,8741
Yemen,1980,9133,10678
Yemen,1985,10540,12616
Yemen,1990,12417,14554
Yemen,1995,14832,16491
Yemen,2000,17236,18429
Yemen,2005,20003,20366
Yemen,2010,23210,22304
Yemen,2015,26738,24242
Yemen,2020,29885,26179
Zambia,1955,2870,671
Zambia,1960,3255,1798
Zambia,1965,3695,2925
Zambia,1970,4241,4052
Zambia,1975,4849,5179
Zambia,1980,5541,6306
Zambia,1985,6536,7433
Zambia,1990,7604,8560
Zambia,1995,8691,9688
Zambia,2000,9984,10815
Zambia,2005,11373,11942
Zambia,2010,13042,13069
Zambia,2015,15067,14196
Zambia,2020,17427,15323
Zimbabwe,1955,3410,2689
Zimbabwe,1960,4011,3675
Zimbabwe,1965,4686,4661
Zimbabwe,1970,5515,5647
Zimbabwe,1975,6342,6633
Zimbabwe,1980,7170,7619
Zimbabwe,1985,8561,8606
Zimbabwe,1990,10157,9592
Zimbabwe,1995,11160,10578
Zimbabwe,2000,11821,11564
Zimbabwe,2005,11640,12550
Zimbabwe,2010,11652,13536
Zimbabwe,2015,14230,14522
Zimbabwe,2020,15832,15509
