Country,Year,population_predicted,year change,running_total_change,percent_change
Afghanistan,2015,29741,0,0,0.0
Afghanistan,2020,31805,2064,2064,0.0693991459601224
Afghanistan,2025,33868,2063,4127,0.13876466830301604
Afghanistan,2030,35931,2063,6190,0.20813019064590968
Afghanistan,2035,37995,2064,8254,0.2775293366060321
Afghanistan,2040,40058,2063,10317,0.34689485894892574
Afghanistan,2045,42122,2064,12381,0.4162940049090481
Afghanistan,2050,44185,2063,14444,0.4856595272519418
Albania,2015,3411,0,0,0.0
Albania,2020,3541,130,130,0.03811199061858692
Albania,2025,3670,129,259,0.07593081207856933
Albania,2030,3800,130,389,0.11404280269715626
Albania,2035,3930,130,519,0.1521547933157432
Albania,2040,4060,130,649,0.1902667839343301
Albania,2045,4189,129,778,0.22808560539431252
Albania,2050,4319,130,908,0.26619759601289944
Algeria,2015,38987,0,0,0.0
Algeria,2020,41720,2733,2733,0.07010028984020314
Algeria,2025,44453,2733,5466,0.14020057968040628
Algeria,2030,47186,2733,8199,0.21030086952060945
Algeria,2035,49919,2733,10932,0.28040115936081256
Algeria,2040,52652,2733,13665,0.3505014492010157
Algeria,2045,55385,2733,16398,0.4206017390412189
Algeria,2050,58118,2733,19131,0.490702028881422
American Samoa,2015,59,0,0,0.0
American Samoa,2020,62,3,3,0.05084745762711865
American Samoa,2025,66,4,7,0.11864406779661017
American Samoa,2030,69,3,10,0.1694915254237288
American Samoa,2035,72,3,13,0.22033898305084745
American Samoa,2040,76,4,17,0.288135593220339
American Samoa,2045,79,3,20,0.3389830508474576
American Samoa,2050,82,3,23,0.3898305084745763
Andorra,2015,86,0,0,0.0
Andorra,2020,93,7,7,0.08139534883720931
Andorra,2025,100,7,14,0.16279069767441862
Andorra,2030,107,7,21,0.2441860465116279
Andorra,2035,114,7,28,0.32558139534883723
Andorra,2040,121,7,35,0.4069767441860465
Andorra,2045,128,7,42,0.4883720930232558
Andorra,2050,135,7,49,0.5697674418604651
Angola,2015,18127,0,0,0.0
Angola,2020,19542,1415,1415,0.0780603519611629
Angola,2025,20958,1416,2831,0.15617587024880014
Angola,2030,22373,1415,4246,0.23423622220996304
Angola,2035,23789,1416,5662,0.3123517404976003
Angola,2040,25204,1415,7077,0.3904120924587632
Angola,2045,26620,1416,8493,0.4685276107464004
Angola,2050,28035,1415,9908,0.5465879627075633
Anguilla,2015,15,0,0,0.0
Anguilla,2020,16,1,1,0.06666666666666667
Anguilla,2025,17,1,2,0.13333333333333333
Anguilla,2030,18,1,3,0.2
Anguilla,2035,19,1,4,0.26666666666666666
Anguilla,2040,20,1,5,0.3333333333333333
Anguilla,2045,21,1,6,0.4
Anguilla,2050,22,1,7,0.4666666666666667
Antigua and Barbuda,2015,88,0,0,0.0
Antigua and Barbuda,2020,91,3,3,0.03409090909090909
Antigua and Barbuda,2025,94,3,6,0.06818181818181818
Antigua and Barbuda,2030,97,3,9,0.10227272727272728
Antigua and Barbuda,2035,100,3,12,0.13636363636363635
Antigua and Barbuda,2040,103,3,15,0.17045454545454544
Antigua and Barbuda,2045,106,3,18,0.20454545454545456
Antigua and Barbuda,2050,109,3,21,0.23863636363636365
Argentina,2015,43369,0,0,0.0
Argentina,2020,45482,2113,2113,0.048721436971108395
Argentina,2025,47594,2112,4225,0.09741981599760198
Argentina,2030,49706,2112,6337,0.14611819502409557
Argentina,2035,51818,2112,8449,0.19481657405058914
Argentina,2040,53930,2112,10561,0.2435149530770827
Argentina,2045,56042,2112,12673,0.2922133321035763
Argentina,2050,58154,2112,14785,0.34091171113006985
Armenia,2015,3447,0,0,0.0
Armenia,2020,3540,93,93,0.026979982593559618
Armenia,2025,3634,94,187,0.054250072526834926
Armenia,2030,3727,93,280,0.08123005512039455
Armenia,2035,3820,93,373,0.10821003771395417
Armenia,2040,3913,93,466,0.1351900203075138
Armenia,2045,4006,93,559,0.1621700029010734
Armenia,2050,4099,93,652,0.18914998549463302
Aruba,2015,103,0,0,0.0
Aruba,2020,108,5,5,0.04854368932038835
Aruba,2025,113,5,10,0.0970873786407767
Aruba,2030,118,5,15,0.14563106796116504
Aruba,2035,123,5,20,0.1941747572815534
Aruba,2040,128,5,25,0.24271844660194175
Aruba,2045,133,5,30,0.2912621359223301
Aruba,2050,138,5,35,0.33980582524271846
Australia,2015,22576,0,0,0.0
Australia,2020,23693,1117,1117,0.04947732104890149
Australia,2025,24809,1116,2233,0.0989103472714387
Australia,2030,25926,1117,3350,0.14838766832034017
Australia,2035,27043,1117,4467,0.19786498936924168
Australia,2040,28159,1116,5583,0.24729801559177889
Australia,2045,29276,1117,6700,0.29677533664068034
Australia,2050,30392,1116,7816,0.3462083628632176
Austria,2015,8592,0,0,0.0
Austria,2020,8731,139,139,0.01617783985102421
Austria,2025,8870,139,278,0.03235567970204842
Austria,2030,9010,140,418,0.04864990689013035
Austria,2035,9149,139,557,0.06482774674115456
Austria,2040,9289,140,697,0.0811219739292365
Austria,2045,9428,139,836,0.0972998137802607
Austria,2050,9567,139,975,0.11347765363128491
Azerbaijan,2015,9930,0,0,0.0
Azerbaijan,2020,10460,530,530,0.05337361530715005
Azerbaijan,2025,10991,531,1061,0.1068479355488419
Azerbaijan,2030,11521,530,1591,0.16022155085599193
Azerbaijan,2035,12052,531,2122,0.2136958710976838
Azerbaijan,2040,12582,530,2652,0.26706948640483386
Azerbaijan,2045,13113,531,3183,0.32054380664652565
Azerbaijan,2050,13643,530,3713,0.3739174219536757
Bahamas,2015,333,0,0,0.0
Bahamas,2020,352,19,19,0.057057057057057055
Bahamas,2025,370,18,37,0.1111111111111111
Bahamas,2030,389,19,56,0.16816816816816818
Bahamas,2035,407,18,74,0.2222222222222222
Bahamas,2040,426,19,93,0.27927927927927926
Bahamas,2045,445,19,112,0.33633633633633636
Bahamas,2050,463,18,130,0.39039039039039036
Bahrain,2015,1161,0,0,0.0
Bahrain,2020,1267,106,106,0.0913006029285099
Bahrain,2025,1374,107,213,0.1834625322997416
Bahrain,2030,1480,106,319,0.2747631352282515
Bahrain,2035,1587,107,426,0.3669250645994832
Bahrain,2040,1693,106,532,0.4582256675279931
Bahrain,2045,1800,107,639,0.5503875968992248
Bahrain,2050,1907,107,746,0.6425495262704565
Bangladesh,2015,161320,0,0,0.0
Bangladesh,2020,171435,10115,10115,0.06270146293082073
Bangladesh,2025,181550,10115,20230,0.12540292586164145
Bangladesh,2030,191665,10115,30345,0.1881043887924622
Bangladesh,2035,201780,10115,40460,0.2508058517232829
Bangladesh,2040,211895,10115,50575,0.31350731465410364
Bangladesh,2045,222010,10115,60690,0.3762087775849244
Bangladesh,2050,232125,10115,70805,0.4389102405157451
Barbados,2015,290,0,0,0.0
Barbados,2020,295,5,5,0.017241379310344827
Barbados,2025,300,5,10,0.034482758620689655
Barbados,2030,306,6,16,0.05517241379310345
Barbados,2035,311,5,21,0.07241379310344828
Barbados,2040,317,6,27,0.09310344827586207
Barbados,2045,322,5,32,0.1103448275862069
Barbados,2050,328,6,38,0.1310344827586207
Belarus,2015,10177,0,0,0.0
Belarus,2020,10297,120,120,0.011791294094526875
Belarus,2025,10417,120,240,0.02358258818905375
Belarus,2030,10537,120,360,0.03537388228358062
Belarus,2035,10657,120,480,0.0471651763781075
Belarus,2040,10777,120,600,0.05895647047263437
Belarus,2045,10897,120,720,0.07074776456716124
Belarus,2050,11017,120,840,0.08253905866168812
Belgium,2015,11099,0,0,0.0
Belgium,2020,11279,180,180,0.01621767726822236
Belgium,2025,11459,180,360,0.03243535453644472
Belgium,2030,11639,180,540,0.04865303180466709
Belgium,2035,11819,180,720,0.06487070907288944
Belgium,2040,11999,180,900,0.08108838634111182
Belgium,2045,12179,180,1080,0.09730606360933418
Belgium,2050,12359,180,1260,0.11352374087755654
Belize,2015,326,0,0,0.0
Belize,2020,350,24,24,0.0736196319018405
Belize,2025,373,23,47,0.1441717791411043
Belize,2030,397,24,71,0.21779141104294478
Belize,2035,420,23,94,0.2883435582822086
Belize,2040,443,23,117,0.3588957055214724
Belize,2045,467,24,141,0.4325153374233129
Belize,2050,490,23,164,0.5030674846625767
Benin,2015,9578,0,0,0.0
Benin,2020,10368,790,790,0.08248068490290249
Benin,2025,11159,791,1581,0.16506577573606182
Benin,2030,11949,790,2371,0.2475464606389643
Benin,2035,12740,791,3162,0.33013155147212364
Benin,2040,13530,790,3952,0.4126122363750261
Benin,2045,14321,791,4743,0.49519732720818543
Benin,2050,15111,790,5533,0.5776780121110879
Bermuda,2015,69,0,0,0.0
Bermuda,2020,71,2,2,0.028985507246376812
Bermuda,2025,73,2,4,0.057971014492753624
Bermuda,2030,76,3,7,0.10144927536231885
Bermuda,2035,78,2,9,0.13043478260869565
Bermuda,2040,80,2,11,0.15942028985507245
Bermuda,2045,82,2,13,0.18840579710144928
Bermuda,2050,84,2,15,0.21739130434782608
Bhutan,2015,773,0,0,0.0
Bhutan,2020,822,49,49,0.06338939197930142
Bhutan,2025,871,49,98,0.12677878395860284
Bhutan,2030,920,49,147,0.19016817593790428
Bhutan,2035,969,49,196,0.2535575679172057
Bhutan,2040,1018,49,245,0.3169469598965071
Bhutan,2045,1067,49,294,0.38033635187580855
Bhutan,2050,1116,49,343,0.44372574385511
Bolivia,2015,10383,0,0,0.0
Bolivia,2020,11059,676,676,0.06510642396224597
Bolivia,2025,11735,676,1352,0.13021284792449195
Bolivia,2030,12411,676,2028,0.19531927188673795
Bolivia,2035,13088,677,2705,0.26052200712703455
Bolivia,2040,13764,676,3381,0.3256284310892806
Bolivia,2045,14440,676,4057,0.39073485505152655
Bolivia,2050,15116,676,4733,0.4558412790137725
Bosnia and Herzegovina,2015,4044,0,0,0.0
Bosnia and Herzegovina,2020,4078,34,34,0.008407517309594461
Bosnia and Herzegovina,2025,4113,35,69,0.017062314540059347
Bosnia and Herzegovina,2030,4148,35,104,0.025717111770524232
Bosnia and Herzegovina,2035,4182,34,138,0.03412462908011869
Bosnia and Herzegovina,2040,4217,35,173,0.04277942631058358
Bosnia and Herzegovina,2045,4251,34,207,0.05118694362017804
Bosnia and Herzegovina,2050,4286,35,242,0.05984174085064293
Botswana,2015,2106,0,0,0.0
Botswana,2020,2268,162,162,0.07692307692307693
Botswana,2025,2429,161,323,0.1533713200379867
Botswana,2030,2591,162,485,0.23029439696106363
Botswana,2035,2753,162,647,0.30721747388414056
Botswana,2040,2914,161,808,0.38366571699905033
Botswana,2045,3076,162,970,0.46058879392212726
Botswana,2050,3238,162,1132,0.5375118708452041
Brazil,2015,208543,0,0,0.0
Brazil,2020,220986,12443,12443,0.05966635178356502
Brazil,2025,233428,12442,24885,0.11932790839299329
Brazil,2030,245871,12443,37328,0.1789942601765583
Brazil,2035,258314,12443,49771,0.23866061196012334
Brazil,2040,270756,12442,62213,0.2983221685695516
Brazil,2045,283199,12443,74656,0.3579885203531166
Brazil,2050,295642,12443,87099,0.4176548721366816
British Virgin Islands,2015,31,0,0,0.0
British Virgin Islands,2020,33,2,2,0.06451612903225806
British Virgin Islands,2025,35,2,4,0.12903225806451613
British Virgin Islands,2030,38,3,7,0.22580645161290322
British Virgin Islands,2035,40,2,9,0.2903225806451613
British Virgin Islands,2040,43,3,12,0.3870967741935484
British Virgin Islands,2045,45,2,14,0.45161290322580644
British Virgin Islands,2050,48,3,17,0.5483870967741935
Brunei,2015,421,0,0,0.0
Brunei,2020,454,33,33,0.07838479809976247
Brunei,2025,486,32,65,0.1543942992874109
Brunei,2030,518,32,97,0.23040380047505937
Brunei,2035,551,33,130,0.3087885985748218
Brunei,2040,583,32,162,0.3847980997624703
Brunei,2045,615,32,194,0.46080760095011875
Brunei,2050,648,33,227,0.5391923990498813
Bulgaria,2015,7748,0,0,0.0
Bulgaria,2020,7660,-88,-88,-0.011357769747031492
Bulgaria,2025,7573,-87,-175,-0.022586473928755808
Bulgaria,2030,7485,-88,-263,-0.0339442436757873
Bulgaria,2035,7398,-87,-350,-0.045172947857511615
Bulgaria,2040,7310,-88,-438,-0.05653071760454311
Bulgaria,2045,7223,-87,-525,-0.06775942178626743
Bulgaria,2050,7135,-88,-613,-0.07911719153329892
Burkina Faso,2015,17077,0,0,0.0
Burkina Faso,2020,18426,1349,1349,0.07899513966153306
Burkina Faso,2025,19775,1349,2698,0.1579902793230661
Burkina Faso,2030,21123,1348,4046,0.23692686068981672
Burkina Faso,2035,22472,1349,5395,0.31592200035134976
Burkina Faso,2040,23821,1349,6744,0.3949171400128828
Burkina Faso,2045,25169,1348,8092,0.47385372137963344
Burkina Faso,2050,26518,1349,9441,0.5528488610411665
Burundi,2015,9960,0,0,0.0
Burundi,2020,10706,746,746,0.0748995983935743
Burundi,2025,11451,745,1491,0.1496987951807229
Burundi,2030,12197,746,2237,0.2245983935742972
Burundi,2035,12943,746,2983,0.29949799196787147
Burundi,2040,13688,745,3728,0.3742971887550201
Burundi,2045,14434,746,4474,0.4491967871485944
Burundi,2050,15179,745,5219,0.523995983935743
Cambodia,2015,14825,0,0,0.0
Cambodia,2020,15734,909,909,0.06131534569983137
Cambodia,2025,16643,909,1818,0.12263069139966273
Cambodia,2030,17551,908,2726,0.1838785834738617
Cambodia,2035,18460,909,3635,0.2451939291736931
Cambodia,2040,19369,909,4544,0.3065092748735245
Cambodia,2045,20278,909,5453,0.3678246205733558
Cambodia,2050,21187,909,6362,0.4291399662731872
Cameroon,2015,22140,0,0,0.0
Cameroon,2020,23870,1730,1730,0.07813911472448058
Cameroon,2025,25600,1730,3460,0.15627822944896116
Cameroon,2030,27330,1730,5190,0.23441734417344173
Cameroon,2035,29060,1730,6920,0.31255645889792233
Cameroon,2040,30791,1731,8651,0.3907407407407407
Cameroon,2045,32521,1730,10381,0.4688798554652213
Cameroon,2050,34251,1730,12111,0.5470189701897019
Canada,2015,35267,0,0,0.0
Canada,2020,36784,1517,1517,0.04301471630702924
Canada,2025,38302,1518,3035,0.0860577877335753
Canada,2030,39820,1518,4553,0.12910085916012137
Canada,2035,41337,1517,6070,0.1721155754671506
Canada,2040,42855,1518,7588,0.21515864689369665
Canada,2045,44373,1518,9106,0.25820171832024275
Canada,2050,45890,1517,10623,0.30121643462727193
Cape Verde,2015,525,0,0,0.0
Cape Verde,2020,555,30,30,0.05714285714285714
Cape Verde,2025,586,31,61,0.11619047619047619
Cape Verde,2030,617,31,92,0.17523809523809525
Cape Verde,2035,648,31,123,0.2342857142857143
Cape Verde,2040,678,30,153,0.2914285714285714
Cape Verde,2045,709,31,184,0.3504761904761905
Cape Verde,2050,740,31,215,0.4095238095238095
Cayman Islands,2015,52,0,0,0.0
Cayman Islands,2020,57,5,5,0.09615384615384616
Cayman Islands,2025,62,5,10,0.19230769230769232
Cayman Islands,2030,66,4,14,0.2692307692307692
Cayman Islands,2035,71,5,19,0.36538461538461536
Cayman Islands,2040,75,4,23,0.4423076923076923
Cayman Islands,2045,80,5,28,0.5384615384615384
Cayman Islands,2050,85,5,33,0.6346153846153846
Central African Republic,2015,5181,0,0,0.0
Central African Republic,2020,5555,374,374,0.07218683651804671
Central African Republic,2025,5928,373,747,0.14418066010422698
Central African Republic,2030,6302,374,1121,0.2163674966222737
Central African Republic,2035,6675,373,1494,0.28836132020845395
Central African Republic,2040,7048,373,1867,0.36035514379463424
Central African Republic,2045,7422,374,2241,0.43254198031268093
Central African Republic,2050,7795,373,2614,0.5045358038988612
Chad,2015,10723,0,0,0.0
Chad,2020,11520,797,797,0.07432621467872796
Chad,2025,12317,797,1594,0.14865242935745593
Chad,2030,13114,797,2391,0.2229786440361839
Chad,2035,13911,797,3188,0.29730485871491186
Chad,2040,14708,797,3985,0.3716310733936398
Chad,2045,15505,797,4782,0.4459572880723678
Chad,2050,16302,797,5579,0.5202835027510958
Chile,2015,17520,0,0,0.0
Chile,2020,18425,905,905,0.05165525114155251
Chile,2025,19331,906,1811,0.1033675799086758
Chile,2030,20236,905,2716,0.15502283105022832
Chile,2035,21142,906,3622,0.2067351598173516
Chile,2040,22047,905,4527,0.2583904109589041
Chile,2045,22953,906,5433,0.3101027397260274
Chile,2050,23858,905,6338,0.3617579908675799
China,2015,1423299,0,0,0.0
China,2020,1488862,65563,65563,0.04606410880637168
China,2025,1554426,65564,131127,0.09212892020580356
China,2030,1619989,65563,196690,0.13819302901217523
China,2035,1685552,65563,262253,0.1842571378185469
China,2040,1751115,65563,327816,0.2303212466249186
China,2045,1816678,65563,393379,0.2763853554312903
China,2050,1882241,65563,458942,0.32244946423766196
Colombia,2015,46865,0,0,0.0
Colombia,2020,49683,2818,2818,0.06013016110103489
Colombia,2025,52501,2818,5636,0.12026032220206978
Colombia,2030,55318,2817,8453,0.18036914541768911
Colombia,2035,58136,2818,11271,0.240499306518724
Colombia,2040,60953,2817,14088,0.3006081297343433
Colombia,2045,63771,2818,16906,0.36073829083537823
Colombia,2050,66588,2817,19723,0.42084711405099756
Comoros,2015,736,0,0,0.0
Comoros,2020,792,56,56,0.07608695652173914
Comoros,2025,847,55,111,0.15081521739130435
Comoros,2030,902,55,166,0.22554347826086957
Comoros,2035,957,55,221,0.30027173913043476
Comoros,2040,1012,55,276,0.375
Comoros,2045,1067,55,331,0.44972826086956524
Comoros,2050,1122,55,386,0.5244565217391305
Cook Islands,2015,12,0,0,0.0
Cook Islands,2020,12,0,0,0.0
Cook Islands,2025,11,-1,-1,-0.08333333333333333
Cook Islands,2030,10,-1,-2,-0.16666666666666666
Cook Islands,2035,9,-1,-3,-0.25
Cook Islands,2040,8,-1,-4,-0.3333333333333333
Cook Islands,2045,8,0,-4,-0.3333333333333333
Cook Islands,2050,7,-1,-5,-0.4166666666666667
Costa Rica,2015,4743,0,0,0.0
Costa Rica,2020,5075,332,332,0.06999789162977019
Costa Rica,2025,5407,332,664,0.13999578325954037
Costa Rica,2030,5739,332,996,0.20999367488931056
Costa Rica,2035,6071,332,1328,0.27999156651908075
Costa Rica,2040,6403,332,1660,0.34998945814885096
Costa Rica,2045,6735,332,1992,0.4199873497786211
Costa Rica,2050,7067,332,2324,0.48998524140839134
Croatia,2015,4564,0,0,0.0
Croatia,2020,4601,37,37,0.00810692375109553
Croatia,2025,4638,37,74,0.01621384750219106
Croatia,2030,4674,36,110,0.024101665205959685
Croatia,2035,4711,37,147,0.032208588957055216
Croatia,2040,4748,37,184,0.040315512708150744
Croatia,2045,4785,37,221,0.04842243645924627
Croatia,2050,4821,36,257,0.0563102541630149
Cuba,2015,11681,0,0,0.0
Cuba,2020,12024,343,343,0.029363924321547812
Cuba,2025,12367,343,686,0.058727848643095625
Cuba,2030,12710,343,1029,0.08809177296464343
Cuba,2035,13053,343,1372,0.11745569728619125
Cuba,2040,13397,344,1716,0.14690523071654824
Cuba,2045,13740,343,2059,0.17626915503809606
Cuba,2050,14083,343,2402,0.20563307935964387
Curaçao,2015,150,0,0,0.0
Curaçao,2020,151,1,1,0.006666666666666667
Curaçao,2025,152,1,2,0.013333333333333334
Curaçao,2030,153,1,3,0.02
Curaçao,2035,155,2,5,0.03333333333333333
Curaçao,2040,156,1,6,0.04
Curaçao,2045,157,1,7,0.04666666666666667
Curaçao,2050,158,1,8,0.05333333333333334
Cyprus,2015,1106,0,0,0.0
Cyprus,2020,1162,56,56,0.05063291139240506
Cyprus,2025,1218,56,112,0.10126582278481013
Cyprus,2030,1275,57,169,0.15280289330922242
Cyprus,2035,1331,56,225,0.20343580470162748
Cyprus,2040,1388,57,282,0.2549728752260398
Cyprus,2045,1444,56,338,0.30560578661844484
Cyprus,2050,1501,57,395,0.35714285714285715
Czech Republic,2015,10632,0,0,0.0
Czech Republic,2020,10712,80,80,0.007524454477050414
Czech Republic,2025,10791,79,159,0.014954853273137697
Czech Republic,2030,10871,80,239,0.02247930775018811
Czech Republic,2035,10950,79,318,0.029909706546275394
Czech Republic,2040,11029,79,397,0.03734010534236268
Czech Republic,2045,11109,80,477,0.04486455981941309
Czech Republic,2050,11188,79,556,0.052294958615500375
Democratic Republic of the Congo,2015,73953,0,0,0.0
Democratic Republic of the Congo,2020,79840,5887,5887,0.07960461374115993
Democratic Republic of the Congo,2025,85727,5887,11774,0.15920922748231986
Democratic Republic of the Congo,2030,91613,5886,17660,0.23880031912160427
Democratic Republic of the Congo,2035,97500,5887,23547,0.31840493286276417
Democratic Republic of the Congo,2040,103387,5887,29434,0.3980095466039241
Democratic Republic of the Congo,2045,109274,5887,35321,0.477614160345084
Democratic Republic of the Congo,2050,115160,5886,41207,0.5572052519843684
Denmark,2015,5588,0,0,0.0
Denmark,2020,5668,80,80,0.014316392269148175
Denmark,2025,5748,80,160,0.02863278453829635
Denmark,2030,5827,79,239,0.04277022190408017
Denmark,2035,5907,80,319,0.05708661417322835
Denmark,2040,5987,80,399,0.07140300644237652
Denmark,2045,6067,80,479,0.0857193987115247
Denmark,2050,6146,79,558,0.09985683607730853
Djibouti,2015,825,0,0,0.0
Djibouti,2020,894,69,69,0.08363636363636363
Djibouti,2025,964,70,139,0.1684848484848485
Djibouti,2030,1033,69,208,0.25212121212121213
Djibouti,2035,1103,70,278,0.336969696969697
Djibouti,2040,1172,69,347,0.4206060606060606
Djibouti,2045,1242,70,417,0.5054545454545455
Djibouti,2050,1311,69,486,0.5890909090909091
Dominica,2015,76,0,0,0.0
Dominica,2020,77,1,1,0.013157894736842105
Dominica,2025,78,1,2,0.02631578947368421
Dominica,2030,79,1,3,0.039473684210526314
Dominica,2035,79,0,3,0.039473684210526314
Dominica,2040,80,1,4,0.05263157894736842
Dominica,2045,81,1,5,0.06578947368421052
Dominica,2050,82,1,6,0.07894736842105263
Dominican Republic,2015,10421,0,0,0.0
Dominican Republic,2020,11085,664,664,0.06371749352269455
Dominican Republic,2025,11750,665,1329,0.12753094712599558
Dominican Republic,2030,12414,664,1993,0.19124844064869015
Dominican Republic,2035,13078,664,2657,0.2549659341713847
Dominican Republic,2040,13742,664,3321,0.31868342769407926
Dominican Republic,2045,14406,664,3985,0.3824009212167738
Dominican Republic,2050,15070,664,4649,0.4461184147394684
Ecuador,2015,15641,0,0,0.0
Ecuador,2020,16705,1064,1064,0.06802634102678858
Ecuador,2025,17770,1065,2129,0.13611661658461735
Ecuador,2030,18834,1064,3193,0.2041429576114059
Ecuador,2035,19899,1065,4258,0.2722332331692347
Ecuador,2040,20963,1064,5322,0.34025957419602326
Ecuador,2045,22027,1064,6386,0.4082859152228118
Ecuador,2050,23092,1065,7451,0.47637619078064064
Egypt,2015,86717,0,0,0.0
Egypt,2020,92632,5915,5915,0.0682103855068787
Egypt,2025,98546,5914,11829,0.1364092392495128
Egypt,2030,104461,5915,17744,0.20461962475639148
Egypt,2035,110375,5914,23658,0.2728184784990256
Egypt,2040,116290,5915,29573,0.34102886400590426
Egypt,2045,122204,5914,35487,0.40922771774853833
Egypt,2050,128119,5915,41402,0.477438103255417
El Salvador,2015,6454,0,0,0.0
El Salvador,2020,6770,316,316,0.048961884102881936
El Salvador,2025,7086,316,632,0.09792376820576387
El Salvador,2030,7402,316,948,0.1468856523086458
El Salvador,2035,7717,315,1263,0.19569259374031608
El Salvador,2040,8033,316,1579,0.24465447784319802
El Salvador,2045,8349,316,1895,0.29361636194607993
El Salvador,2050,8665,316,2211,0.34257824604896187
Equatorial Guinea,2015,670,0,0,0.0
Equatorial Guinea,2020,718,48,48,0.07164179104477612
Equatorial Guinea,2025,766,48,96,0.14328358208955225
Equatorial Guinea,2030,814,48,144,0.21492537313432836
Equatorial Guinea,2035,862,48,192,0.2865671641791045
Equatorial Guinea,2040,910,48,240,0.3582089552238806
Equatorial Guinea,2045,958,48,288,0.4298507462686567
Equatorial Guinea,2050,1006,48,336,0.5014925373134328
Eritrea,2015,5967,0,0,0.0
Eritrea,2020,6413,446,446,0.07474442768560416
Eritrea,2025,6858,445,891,0.1493212669683258
Eritrea,2030,7304,446,1337,0.22406569465392995
Eritrea,2035,7749,445,1782,0.2986425339366516
Eritrea,2040,8195,446,2228,0.37338696162225576
Eritrea,2045,8641,446,2674,0.4481313893078599
Eritrea,2050,9086,445,3119,0.5227082285905815
Estonia,2015,1396,0,0,0.0
Estonia,2020,1397,1,1,0.0007163323782234957
Estonia,2025,1398,1,2,0.0014326647564469914
Estonia,2030,1399,1,3,0.002148997134670487
Estonia,2035,1400,1,4,0.0028653295128939827
Estonia,2040,1401,1,5,0.0035816618911174787
Estonia,2045,1402,1,6,0.004297994269340974
Estonia,2050,1403,1,7,0.00501432664756447
Eswatini,2015,1402,0,0,0.0
Eswatini,2020,1506,104,104,0.07417974322396577
Eswatini,2025,1609,103,207,0.14764621968616262
Eswatini,2030,1713,104,311,0.22182596291012838
Eswatini,2035,1816,103,414,0.29529243937232524
Eswatini,2040,1919,103,517,0.36875891583452214
Eswatini,2045,2023,104,621,0.4429386590584879
Eswatini,2050,2126,103,724,0.5164051355206848
Ethiopia,2015,91650,0,0,0.0
Ethiopia,2020,98767,7117,7117,0.07765411893071468
Ethiopia,2025,105885,7118,14235,0.15531914893617021
Ethiopia,2030,113002,7117,21352,0.23297326786688488
Ethiopia,2035,120119,7117,28469,0.31062738679759955
Ethiopia,2040,127236,7117,35586,0.3882815057283142
Ethiopia,2045,134354,7118,42704,0.46594653573376976
Ethiopia,2050,141471,7117,49821,0.5436006546644845
Faroe Islands,2015,51,0,0,0.0
Faroe Islands,2020,53,2,2,0.0392156862745098
Faroe Islands,2025,54,1,3,0.058823529411764705
Faroe Islands,2030,55,1,4,0.0784313725490196
Faroe Islands,2035,57,2,6,0.11764705882352941
Faroe Islands,2040,58,1,7,0.13725490196078433
Faroe Islands,2045,60,2,9,0.17647058823529413
Faroe Islands,2050,61,1,10,0.19607843137254902
Federated States of Micronesia,2015,118,0,0,0.0
Federated States of Micronesia,2020,124,6,6,0.05084745762711865
Federated States of Micronesia,2025,131,7,13,0.11016949152542373
Federated States of Micronesia,2030,137,6,19,0.16101694915254236
Federated States of Micronesia,2035,143,6,25,0.211864406779661
Federated States of Micronesia,2040,149,6,31,0.2627118644067797
Federated States of Micronesia,2045,155,6,37,0.3135593220338983
Federated States of Micronesia,2050,161,6,43,0.3644067796610169
Fiji,2015,934,0,0,0.0
Fiji,2020,979,45,45,0.048179871520342615
Fiji,2025,1024,45,90,0.09635974304068523
Fiji,2030,1070,46,136,0.145610278372591
Fiji,2035,1115,45,181,0.1937901498929336
Fiji,2040,1160,45,226,0.24197002141327623
Fiji,2045,1206,46,272,0.291220556745182
Fiji,2050,1251,45,317,0.33940042826552463
Finland,2015,5457,0,0,0.0
Finland,2020,5550,93,93,0.017042330951072018
Finland,2025,5643,93,186,0.034084661902144035
Finland,2030,5736,93,279,0.05112699285321605
Finland,2035,5829,93,372,0.06816932380428807
Finland,2040,5922,93,465,0.08521165475536009
Finland,2045,6015,93,558,0.1022539857064321
Finland,2050,6108,93,651,0.11929631665750412
France,2015,66566,0,0,0.0
France,2020,68247,1681,1681,0.025253132229666797
France,2025,69928,1681,3362,0.050506264459333594
France,2030,71609,1681,5043,0.07575939668900039
France,2035,73291,1682,6725,0.10102755160292042
France,2040,74972,1681,8406,0.1262806838325872
France,2045,76653,1681,10087,0.151533816062254
France,2050,78334,1681,11768,0.1767869482919208
French Polynesia,2015,286,0,0,0.0
French Polynesia,2020,305,19,19,0.06643356643356643
French Polynesia,2025,323,18,37,0.12937062937062938
French Polynesia,2030,342,19,56,0.1958041958041958
French Polynesia,2035,361,19,75,0.26223776223776224
French Polynesia,2040,379,18,93,0.32517482517482516
French Polynesia,2045,398,19,112,0.3916083916083916
French Polynesia,2050,417,19,131,0.458041958041958
Gabon,2015,1624,0,0,0.0
Gabon,2020,1744,120,120,0.07389162561576355
Gabon,2025,1864,120,240,0.1477832512315271
Gabon,2030,1984,120,360,0.22167487684729065
Gabon,2035,2104,120,480,0.2955665024630542
Gabon,2040,2224,120,600,0.3694581280788177
Gabon,2045,2345,121,721,0.44396551724137934
Gabon,2050,2465,120,841,0.5178571428571429
Gambia,2015,1832,0,0,0.0
Gambia,2020,1984,152,152,0.08296943231441048
Gambia,2025,2136,152,304,0.16593886462882096
Gambia,2030,2288,152,456,0.24890829694323144
Gambia,2035,2439,151,607,0.33133187772925765
Gambia,2040,2591,152,759,0.4143013100436681
Gambia,2045,2743,152,911,0.4972707423580786
Gambia,2050,2894,151,1062,0.5796943231441049
Georgia,2015,5183,0,0,0.0
Georgia,2020,5235,52,52,0.010032799536947714
Georgia,2025,5288,53,105,0.020258537526529036
Georgia,2030,5340,52,157,0.03029133706347675
Georgia,2035,5392,52,209,0.040324136600424464
Georgia,2040,5445,53,262,0.05054987459000579
Georgia,2045,5497,52,314,0.0605826741269535
Georgia,2050,5549,52,366,0.07061547366390121
Germany,2015,83491,0,0,0.0
Germany,2020,84276,785,785,0.009402211016756297
Germany,2025,85061,785,1570,0.018804422033512593
Germany,2030,85846,785,2355,0.02820663305026889
Germany,2035,86632,786,3141,0.037620821405900035
Germany,2040,87417,785,3926,0.04702303242265633
Germany,2045,88202,785,4711,0.05642524343941263
Germany,2050,88987,785,5496,0.06582745445616893
Ghana,2015,25405,0,0,0.0
Ghana,2020,27244,1839,1839,0.07238732532965951
Ghana,2025,29083,1839,3678,0.14477465065931902
Ghana,2030,30921,1838,5516,0.2171226136587286
Ghana,2035,32760,1839,7355,0.2895099389883881
Ghana,2040,34598,1838,9193,0.36185790198779766
Ghana,2045,36437,1839,11032,0.4342452273174572
Ghana,2050,38276,1839,12871,0.5066325526471167
Gibraltar,2015,30,0,0,0.0
Gibraltar,2020,30,0,0,0.0
Gibraltar,2025,30,0,0,0.0
Gibraltar,2030,31,1,1,0.03333333333333333
Gibraltar,2035,31,0,1,0.03333333333333333
Gibraltar,2040,31,0,1,0.03333333333333333
Gibraltar,2045,31,0,1,0.03333333333333333
Gibraltar,2050,32,1,2,0.06666666666666667
Greece,2015,11024,0,0,0.0
Greece,2020,11253,229,229,0.020772859216255442
Greece,2025,11482,229,458,0.041545718432510884
Greece,2030,11711,229,687,0.062318577648766325
Greece,2035,11940,229,916,0.08309143686502177
Greece,2040,12169,229,1145,0.10386429608127722
Greece,2045,12398,229,1374,0.12463715529753265
Greece,2050,12627,229,1603,0.1454100145137881
Greenland,2015,62,0,0,0.0
Greenland,2020,64,2,2,0.03225806451612903
Greenland,2025,66,2,4,0.06451612903225806
Greenland,2030,67,1,5,0.08064516129032258
Greenland,2035,69,2,7,0.11290322580645161
Greenland,2040,71,2,9,0.14516129032258066
Greenland,2045,73,2,11,0.1774193548387097
Greenland,2050,75,2,13,0.20967741935483872
Grenada,2015,107,0,0,0.0
Grenada,2020,109,2,2,0.018691588785046728
Grenada,2025,110,1,3,0.028037383177570093
Grenada,2030,112,2,5,0.04672897196261682
Grenada,2035,113,1,6,0.056074766355140186
Grenada,2040,115,2,8,0.07476635514018691
Grenada,2045,117,2,10,0.09345794392523364
Grenada,2050,118,1,11,0.102803738317757
Guam,2015,173,0,0,0.0
Guam,2020,182,9,9,0.05202312138728324
Guam,2025,191,9,18,0.10404624277456648
Guam,2030,200,9,27,0.15606936416184972
Guam,2035,209,9,36,0.20809248554913296
Guam,2040,219,10,46,0.2658959537572254
Guam,2045,228,9,55,0.3179190751445087
Guam,2050,237,9,64,0.3699421965317919
Guatemala,2015,14324,0,0,0.0
Guatemala,2020,15333,1009,1009,0.07044121753700083
Guatemala,2025,16342,1009,2018,0.14088243507400167
Guatemala,2030,17351,1009,3027,0.21132365261100253
Guatemala,2035,18360,1009,4036,0.28176487014800333
Guatemala,2040,19369,1009,5045,0.35220608768500417
Guatemala,2045,20378,1009,6054,0.42264730522200505
Guatemala,2050,21387,1009,7063,0.4930885227590059
Guernsey,2015,67,0,0,0.0
Guernsey,2020,69,2,2,0.029850746268656716
Guernsey,2025,70,1,3,0.04477611940298507
Guernsey,2030,72,2,5,0.07462686567164178
Guernsey,2035,74,2,7,0.1044776119402985
Guernsey,2040,75,1,8,0.11940298507462686
Guernsey,2045,77,2,10,0.14925373134328357
Guernsey,2050,79,2,12,0.1791044776119403
Guinea,2015,11146,0,0,0.0
Guinea,2020,11992,846,846,0.07590166876009331
Guinea,2025,12839,847,1693,0.15189305580477303
Guinea,2030,13685,846,2539,0.22779472456486632
Guinea,2035,14532,847,3386,0.30378611160954605
Guinea,2040,15379,847,4233,0.3797774986542257
Guinea,2045,16225,846,5079,0.455679167414319
Guinea,2050,17072,847,5926,0.5316705544589987
Guinea-Bissau,2015,1630,0,0,0.0
Guinea-Bissau,2020,1740,110,110,0.06748466257668712
Guinea-Bissau,2025,1849,109,219,0.1343558282208589
Guinea-Bissau,2030,1958,109,328,0.20122699386503068
Guinea-Bissau,2035,2067,109,437,0.26809815950920246
Guinea-Bissau,2040,2177,110,547,0.3355828220858896
Guinea-Bissau,2045,2286,109,656,0.40245398773006136
Guinea-Bissau,2050,2395,109,765,0.46932515337423314
Guyana,2015,803,0,0,0.0
Guyana,2020,815,12,12,0.014943960149439602
Guyana,2025,827,12,24,0.029887920298879204
Guyana,2030,840,13,37,0.0460772104607721
Guyana,2035,852,12,49,0.06102117061021171
Guyana,2040,864,12,61,0.0759651307596513
Guyana,2045,876,12,73,0.09090909090909091
Guyana,2050,889,13,86,0.10709838107098381
Haiti,2015,10031,0,0,0.0
Haiti,2020,10639,608,608,0.06061210248230486
Haiti,2025,11248,609,1217,0.12132389592263981
Haiti,2030,11856,608,1825,0.18193599840494468
Haiti,2035,12465,609,2434,0.24264779184527963
Haiti,2040,13073,608,3042,0.3032598943275845
Haiti,2045,13681,608,3650,0.36387199680988935
Haiti,2050,14290,609,4259,0.4245837902502243
Honduras,2015,8291,0,0,0.0
Honduras,2020,8923,632,632,0.07622723435050054
Honduras,2025,9555,632,1264,0.15245446870100107
Honduras,2030,10186,631,1895,0.22856109033892172
Honduras,2035,10818,632,2527,0.30478832468942224
Honduras,2040,11450,632,3159,0.3810155590399228
Honduras,2045,12081,631,3790,0.45712218067784344
Honduras,2050,12713,632,4422,0.533349415028344
Hong Kong,2015,7415,0,0,0.0
Hong Kong,2020,7785,370,370,0.049898853674983146
Hong Kong,2025,8155,370,740,0.09979770734996629
Hong Kong,2030,8524,369,1109,0.1495616992582603
Hong Kong,2035,8894,370,1479,0.1994605529332434
Hong Kong,2040,9263,369,1848,0.24922454484153742
Hong Kong,2045,9633,370,2218,0.2991233985165206
Hong Kong,2050,10002,369,2587,0.3488873904248146
Hungary,2015,10115,0,0,0.0
Hungary,2020,10088,-27,-27,-0.0026693030153237766
Hungary,2025,10060,-28,-55,-0.005437469105289174
Hungary,2030,10032,-28,-83,-0.008205635195254572
Hungary,2035,10004,-28,-111,-0.010973801285219971
Hungary,2040,9976,-28,-139,-0.013741967375185368
Hungary,2045,9949,-27,-166,-0.016411270390509144
Hungary,2050,9921,-28,-194,-0.019179436480474543
Iceland,2015,331,0,0,0.0
Iceland,2020,346,15,15,0.045317220543806644
Iceland,2025,360,14,29,0.08761329305135952
Iceland,2030,374,14,43,0.1299093655589124
Iceland,2035,389,15,58,0.17522658610271905
Iceland,2040,403,14,72,0.2175226586102719
Iceland,2045,418,15,87,0.2628398791540785
Iceland,2050,432,14,101,0.30513595166163143
India,2015,1227942,0,0,0.0
India,2020,1302466,74524,74524,0.06069016289042968
India,2025,1376989,74523,149047,0.12137951141014804
India,2030,1451513,74524,223571,0.18206967430057772
India,2035,1526037,74524,298095,0.24275983719100738
India,2040,1600560,74523,372618,0.30344918571072577
India,2045,1675084,74524,447142,0.36413934860115543
India,2050,1749608,74524,521666,0.4248295114915851
Indonesia,2015,259206,0,0,0.0
Indonesia,2020,274284,15078,15078,0.058169949769681255
Indonesia,2025,289362,15078,30156,0.11633989953936251
Indonesia,2030,304440,15078,45234,0.17450984930904379
Indonesia,2035,319517,15077,60311,0.23267594114333773
Indonesia,2040,334595,15078,75389,0.290845890913019
Indonesia,2045,349673,15078,90467,0.34901584068270025
Indonesia,2050,364750,15077,105544,0.4071819325169942
Iran,2015,83390,0,0,0.0
Iran,2020,89215,5825,5825,0.06985250029979614
Iran,2025,95040,5825,11650,0.1397050005995923
Iran,2030,100865,5825,17475,0.2095575008993884
Iran,2035,106690,5825,23300,0.2794100011991846
Iran,2040,112515,5825,29125,0.3492625014989807
Iran,2045,118340,5825,34950,0.4191150017987768
Iran,2050,124165,5825,40775,0.488967502098573
Iraq,2015,34301,0,0,0.0
Iraq,2020,37108,2807,2807,0.08183434885280312
Iraq,2025,39915,2807,5614,0.16366869770560624
Iraq,2030,42722,2807,8421,0.24550304655840938
Iraq,2035,45528,2806,11227,0.3273082417422233
Iraq,2040,48335,2807,14034,0.4091425905950264
Iraq,2045,51142,2807,16841,0.4909769394478295
Iraq,2050,53949,2807,19648,0.5728112883006327
Ireland,2015,4652,0,0,0.0
Ireland,2020,4836,184,184,0.03955288048151333
Ireland,2025,5021,185,369,0.0793207222699914
Ireland,2030,5205,184,553,0.11887360275150473
Ireland,2035,5389,184,737,0.15842648323301806
Ireland,2040,5574,185,922,0.19819432502149614
Ireland,2045,5758,184,1106,0.23774720550300946
Ireland,2050,5942,184,1290,0.27730008598452277
Isle of Man,2015,87,0,0,0.0
Isle of Man,2020,91,4,4,0.04597701149425287
Isle of Man,2025,94,3,7,0.08045977011494253
Isle of Man,2030,98,4,11,0.12643678160919541
Isle of Man,2035,102,4,15,0.1724137931034483
Isle of Man,2040,105,3,18,0.20689655172413793
Isle of Man,2045,109,4,22,0.25287356321839083
Isle of Man,2050,113,4,26,0.2988505747126437
Israel,2015,7892,0,0,0.0
Israel,2020,8457,565,565,0.07159148504815002
Israel,2025,9023,566,1131,0.14330968068930564
Israel,2030,9588,565,1696,0.21490116573745566
Israel,2035,10154,566,2262,0.28661936137861127
Israel,2040,10720,566,2828,0.35833755701976683
Israel,2045,11285,565,3393,0.4299290420679169
Israel,2050,11851,566,3959,0.5016472377090725
Italy,2015,61511,0,0,0.0
Italy,2020,62413,902,902,0.01466404382955894
Italy,2025,63316,903,1805,0.029344344913917835
Italy,2030,64219,903,2708,0.04402464599827673
Italy,2035,65122,903,3611,0.05870494708263563
Italy,2040,66024,902,4513,0.07336899091219456
Italy,2045,66927,903,5416,0.08804929199655347
Italy,2050,67830,903,6319,0.10272959308091235
Ivory Coast,2015,22493,0,0,0.0
Ivory Coast,2020,24357,1864,1864,0.08287022629262437
Ivory Coast,2025,26221,1864,3728,0.16574045258524875
Ivory Coast,2030,28085,1864,5592,0.2486106788778731
Ivory Coast,2035,29949,1864,7456,0.3314809051704975
Ivory Coast,2040,31813,1864,9320,0.41435113146312186
Ivory Coast,2045,33677,1864,11184,0.4972213577557462
Ivory Coast,2050,35541,1864,13048,0.5800915840483706
Jamaica,2015,2960,0,0,0.0
Jamaica,2020,3075,115,115,0.03885135135135135
Jamaica,2025,3189,114,229,0.07736486486486487
Jamaica,2030,3304,115,344,0.11621621621621622
Jamaica,2035,3419,115,459,0.15506756756756757
Jamaica,2040,3533,114,573,0.19358108108108107
Jamaica,2045,3648,115,688,0.23243243243243245
Jamaica,2050,3763,115,803,0.27128378378378376
Japan,2015,132693,0,0,0.0
Japan,2020,135607,2914,2914,0.021960465133805097
Japan,2025,138521,2914,5828,0.043920930267610195
Japan,2030,141435,2914,8742,0.0658813954014153
Japan,2035,144349,2914,11656,0.08784186053522039
Japan,2040,147263,2914,14570,0.1098023256690255
Japan,2045,150177,2914,17484,0.1317627908028306
Japan,2050,153091,2914,20398,0.1537232559366357
Jersey,2015,97,0,0,0.0
Jersey,2020,100,3,3,0.030927835051546393
Jersey,2025,104,4,7,0.07216494845360824
Jersey,2030,107,3,10,0.10309278350515463
Jersey,2035,110,3,13,0.13402061855670103
Jersey,2040,113,3,16,0.16494845360824742
Jersey,2045,116,3,19,0.1958762886597938
Jersey,2050,119,3,22,0.2268041237113402
Jordan,2015,6554,0,0,0.0
Jordan,2020,7124,570,570,0.0869697894415624
Jordan,2025,7695,571,1141,0.17409215746109247
Jordan,2030,8265,570,1711,0.2610619469026549
Jordan,2035,8835,570,2281,0.34803173634421725
Jordan,2040,9406,571,2852,0.43515410436374735
Jordan,2045,9976,570,3422,0.5221238938053098
Jordan,2050,10547,571,3993,0.6092462618248398
Kazakhstan,2015,18876,0,0,0.0
Kazakhstan,2020,19536,660,660,0.03496503496503497
Kazakhstan,2025,20195,659,1319,0.06987709260436534
Kazakhstan,2030,20855,660,1979,0.1048421275694003
Kazakhstan,2035,21514,659,2638,0.13975418520873067
Kazakhstan,2040,22174,660,3298,0.17471922017376562
Kazakhstan,2045,22833,659,3957,0.20963127781309598
Kazakhstan,2050,23493,660,4617,0.24459631277813096
Kenya,2015,42567,0,0,0.0
Kenya,2020,46035,3468,3468,0.08147156247797589
Kenya,2025,49503,3468,6936,0.16294312495595178
Kenya,2030,52971,3468,10404,0.2444146874339277
Kenya,2035,56439,3468,13872,0.32588624991190357
Kenya,2040,59907,3468,17340,0.4073578123898795
Kenya,2045,63376,3469,20809,0.48885286724457916
Kenya,2050,66844,3468,24277,0.570324429722555
Kiribati,2015,103,0,0,0.0
Kiribati,2020,109,6,6,0.05825242718446602
Kiribati,2025,115,6,12,0.11650485436893204
Kiribati,2030,121,6,18,0.17475728155339806
Kiribati,2035,127,6,24,0.23300970873786409
Kiribati,2040,133,6,30,0.2912621359223301
Kiribati,2045,139,6,36,0.34951456310679613
Kiribati,2050,145,6,42,0.4077669902912621
Kosovo,2015,2082,0,0,0.0
Kosovo,2020,2171,89,89,0.042747358309317966
Kosovo,2025,2260,89,178,0.08549471661863593
Kosovo,2030,2349,89,267,0.1282420749279539
Kosovo,2035,2438,89,356,0.17098943323727187
Kosovo,2040,2526,88,444,0.2132564841498559
Kosovo,2045,2615,89,533,0.25600384245917385
Kosovo,2050,2704,89,622,0.2987512007684918
Kuwait,2015,2830,0,0,0.0
Kuwait,2020,3054,224,224,0.07915194346289753
Kuwait,2025,3277,223,447,0.15795053003533568
Kuwait,2030,3501,224,671,0.2371024734982332
Kuwait,2035,3724,223,894,0.31590106007067137
Kuwait,2040,3948,224,1118,0.3950530035335689
Kuwait,2045,4171,223,1341,0.4738515901060071
Kuwait,2050,4395,224,1565,0.5530035335689046
Kyrgyzstan,2015,5835,0,0,0.0
Kyrgyzstan,2020,6153,318,318,0.0544987146529563
Kyrgyzstan,2025,6472,319,637,0.10916880891173951
Kyrgyzstan,2030,6790,318,955,0.1636675235646958
Kyrgyzstan,2035,7108,318,1273,0.2181662382176521
Kyrgyzstan,2040,7426,318,1591,0.2726649528706084
Kyrgyzstan,2045,7745,319,1910,0.3273350471293916
Kyrgyzstan,2050,8063,318,2228,0.3818337617823479
Laos,2015,6627,0,0,0.0
Laos,2020,7055,428,428,0.06458427644484684
Laos,2025,7483,428,856,0.12916855288969367
Laos,2030,7911,428,1284,0.19375282933454052
Laos,2035,8339,428,1712,0.25833710577938734
Laos,2040,8767,428,2140,0.32292138222423417
Laos,2045,9194,427,2567,0.38735476082692016
Laos,2050,9622,428,2995,0.45193903727176704
Latvia,2015,2266,0,0,0.0
Latvia,2020,2251,-15,-15,-0.006619593998234775
Latvia,2025,2235,-16,-31,-0.013680494263018535
Latvia,2030,2220,-15,-46,-0.02030008826125331
Latvia,2035,2204,-16,-62,-0.02736098852603707
Latvia,2040,2189,-15,-77,-0.03398058252427184
Latvia,2045,2173,-16,-93,-0.0410414827890556
Latvia,2050,2158,-15,-108,-0.04766107678729038
Lebanon,2015,4941,0,0,0.0
Lebanon,2020,5231,290,290,0.05869257235377454
Lebanon,2025,5521,290,580,0.11738514470754909
Lebanon,2030,5811,290,870,0.1760777170613236
Lebanon,2035,6101,290,1160,0.23477028941509817
Lebanon,2040,6391,290,1450,0.2934628617688727
Lebanon,2045,6681,290,1740,0.3521554341226472
Lebanon,2050,6971,290,2030,0.4108480064764218
Lesotho,2015,2090,0,0,0.0
Lesotho,2020,2197,107,107,0.05119617224880383
Lesotho,2025,2303,106,213,0.10191387559808612
Lesotho,2030,2409,106,319,0.15263157894736842
Lesotho,2035,2515,106,425,0.20334928229665072
Lesotho,2040,2621,106,531,0.254066985645933
Lesotho,2045,2728,107,638,0.30526315789473685
Lesotho,2050,2834,106,744,0.3559808612440191
Liberia,2015,3734,0,0,0.0
Liberia,2020,4002,268,268,0.07177289769683985
Liberia,2025,4270,268,536,0.1435457953936797
Liberia,2030,4538,268,804,0.21531869309051954
Liberia,2035,4805,267,1071,0.2868237814675951
Liberia,2040,5073,268,1339,0.35859667916443494
Liberia,2045,5341,268,1607,0.43036957686127475
Liberia,2050,5609,268,1875,0.5021424745581147
Libya,2015,6490,0,0,0.0
Libya,2020,6973,483,483,0.07442218798151001
Libya,2025,7456,483,966,0.14884437596302003
Libya,2030,7939,483,1449,0.22326656394453004
Libya,2035,8422,483,1932,0.29768875192604005
Libya,2040,8904,482,2414,0.3719568567026194
Libya,2045,9387,483,2897,0.4463790446841294
Libya,2050,9870,483,3380,0.5208012326656395
Liechtenstein,2015,38,0,0,0.0
Liechtenstein,2020,40,2,2,0.05263157894736842
Liechtenstein,2025,42,2,4,0.10526315789473684
Liechtenstein,2030,44,2,6,0.15789473684210525
Liechtenstein,2035,46,2,8,0.21052631578947367
Liechtenstein,2040,48,2,10,0.2631578947368421
Liechtenstein,2045,49,1,11,0.2894736842105263
Liechtenstein,2050,51,2,13,0.34210526315789475
Lithuania,2015,3305,0,0,0.0
Lithuania,2020,3315,10,10,0.0030257186081694403
Lithuania,2025,3325,10,20,0.006051437216338881
Lithuania,2030,3335,10,30,0.009077155824508321
Lithuania,2035,3345,10,40,0.012102874432677761
Lithuania,2040,3356,11,51,0.015431164901664145
Lithuania,2045,3366,10,61,0.018456883509833585
Lithuania,2050,3376,10,71,0.021482602118003027
Luxembourg,2015,537,0,0,0.0
Luxembourg,2020,560,23,23,0.04283054003724395
Luxembourg,2025,583,23,46,0.0856610800744879
Luxembourg,2030,606,23,69,0.12849162011173185
Luxembourg,2035,629,23,92,0.1713221601489758
Luxembourg,2040,652,23,115,0.21415270018621974
Luxembourg,2045,675,23,138,0.2569832402234637
Luxembourg,2050,698,23,161,0.29981378026070765
Macau,2015,543,0,0,0.0
Macau,2020,578,35,35,0.06445672191528545
Macau,2025,613,35,70,0.1289134438305709
Macau,2030,647,34,104,0.19152854511970535
Macau,2035,682,35,139,0.2559852670349908
Macau,2040,716,34,173,0.31860036832412525
Macau,2045,751,35,208,0.3830570902394107
Macau,2050,785,34,242,0.44567219152854515
Madagascar,2015,22015,0,0,0.0
Madagascar,2020,23740,1725,1725,0.07835566659096072
Madagascar,2025,25466,1726,3451,0.15675675675675677
Madagascar,2030,27191,1725,5176,0.23511242334771745
Madagascar,2035,28917,1726,6902,0.31351351351351353
Madagascar,2040,30643,1726,8628,0.3919146036793096
Madagascar,2045,32368,1725,10353,0.4702702702702703
Madagascar,2050,34094,1726,12079,0.5486713604360663
Malawi,2015,16892,0,0,0.0
Malawi,2020,18284,1392,1392,0.08240587260241534
Malawi,2025,19676,1392,2784,0.1648117452048307
Malawi,2030,21068,1392,4176,0.24721761780724602
Malawi,2035,22460,1392,5568,0.3296234904096614
Malawi,2040,23852,1392,6960,0.4120293630120767
Malawi,2045,25244,1392,8352,0.49443523561449204
Malawi,2050,26637,1393,9745,0.5769003078380298
Malaysia,2015,29235,0,0,0.0
Malaysia,2020,31289,2054,2054,0.0702582520950915
Malaysia,2025,33343,2054,4108,0.140516504190183
Malaysia,2030,35397,2054,6162,0.2107747562852745
Malaysia,2035,37451,2054,8216,0.281033008380366
Malaysia,2040,39505,2054,10270,0.3512912604754575
Malaysia,2045,41558,2053,12323,0.4215153069950402
Malaysia,2050,43612,2054,14377,0.4917735590901317
Maldives,2015,364,0,0,0.0
Maldives,2020,391,27,27,0.07417582417582418
Maldives,2025,418,27,54,0.14835164835164835
Maldives,2030,445,27,81,0.22252747252747251
Maldives,2035,473,28,109,0.29945054945054944
Maldives,2040,500,27,136,0.37362637362637363
Maldives,2045,527,27,163,0.4478021978021978
Maldives,2050,555,28,191,0.5247252747252747
Mali,2015,15717,0,0,0.0
Mali,2020,16884,1167,1167,0.07425081122351594
Mali,2025,18052,1168,2335,0.14856524782083094
Mali,2030,19220,1168,3503,0.22287968441814596
Mali,2035,20387,1167,4670,0.2971304956416619
Mali,2040,21555,1168,5838,0.3714449322389769
Mali,2045,22723,1168,7006,0.4457593688362919
Mali,2050,23890,1167,8173,0.5200101800598078
Malta,2015,410,0,0,0.0
Malta,2020,418,8,8,0.01951219512195122
Malta,2025,427,9,17,0.041463414634146344
Malta,2030,436,9,26,0.06341463414634146
Malta,2035,444,8,34,0.08292682926829269
Malta,2040,453,9,43,0.1048780487804878
Malta,2045,462,9,52,0.12682926829268293
Malta,2050,470,8,60,0.14634146341463414
Marshall Islands,2015,71,0,0,0.0
Marshall Islands,2020,76,5,5,0.07042253521126761
Marshall Islands,2025,82,6,11,0.15492957746478872
Marshall Islands,2030,87,5,16,0.22535211267605634
Marshall Islands,2035,92,5,21,0.29577464788732394
Marshall Islands,2040,98,6,27,0.38028169014084506
Marshall Islands,2045,103,5,32,0.4507042253521127
Marshall Islands,2050,108,5,37,0.5211267605633803
Mauritania,2015,3350,0,0,0.0
Mauritania,2020,3583,233,233,0.06955223880597015
Mauritania,2025,3816,233,466,0.1391044776119403
Mauritania,2030,4049,233,699,0.20865671641791045
Mauritania,2035,4282,233,932,0.2782089552238806
Mauritania,2040,4515,233,1165,0.34776119402985073
Mauritania,2045,4749,234,1399,0.41761194029850746
Mauritania,2050,4982,233,1632,0.4871641791044776
Mauritius,2015,1352,0,0,0.0
Mauritius,2020,1411,59,59,0.04363905325443787
Mauritius,2025,1470,59,118,0.08727810650887574
Mauritius,2030,1529,59,177,0.1309171597633136
Mauritius,2035,1588,59,236,0.17455621301775148
Mauritius,2040,1647,59,295,0.21819526627218935
Mauritius,2045,1706,59,354,0.2618343195266272
Mauritius,2050,1765,59,413,0.30547337278106507
Mexico,2015,121884,0,0,0.0
Mexico,2020,129495,7611,7611,0.06244461947425421
Mexico,2025,137106,7611,15222,0.12488923894850842
Mexico,2030,144717,7611,22833,0.18733385842276262
Mexico,2035,152328,7611,30444,0.24977847789701685
Mexico,2040,159939,7611,38055,0.312223097371271
Mexico,2045,167550,7611,45666,0.37466771684552524
Mexico,2050,175161,7611,53277,0.43711233631977947
Moldova,2015,4061,0,0,0.0
Moldova,2020,4105,44,44,0.010834769761142575
Moldova,2025,4148,43,87,0.021423294754986458
Moldova,2030,4192,44,131,0.03225806451612903
Moldova,2035,4235,43,174,0.042846589509972915
Moldova,2040,4278,43,217,0.05343511450381679
Moldova,2045,4322,44,261,0.06426988426495937
Moldova,2050,4365,43,304,0.07485840925880326
Monaco,2015,33,0,0,0.0
Monaco,2020,34,1,1,0.030303030303030304
Monaco,2025,34,0,1,0.030303030303030304
Monaco,2030,35,1,2,0.06060606060606061
Monaco,2035,36,1,3,0.09090909090909091
Monaco,2040,37,1,4,0.12121212121212122
Monaco,2045,38,1,5,0.15151515151515152
Monaco,2050,39,1,6,0.18181818181818182
Mongolia,2015,3005,0,0,0.0
Mongolia,2020,3195,190,190,0.0632279534109817
Mongolia,2025,3385,190,380,0.1264559068219634
Mongolia,2030,3575,190,570,0.1896838602329451
Mongolia,2035,3765,190,760,0.2529118136439268
Mongolia,2040,3956,191,951,0.31647254575707157
Mongolia,2045,4146,190,1141,0.37970049916805326
Mongolia,2050,4336,190,1331,0.44292845257903496
Montenegro,2015,685,0,0,0.0
Montenegro,2020,704,19,19,0.027737226277372264
Montenegro,2025,722,18,37,0.05401459854014599
Montenegro,2030,740,18,55,0.08029197080291971
Montenegro,2035,759,19,74,0.10802919708029197
Montenegro,2040,777,18,92,0.1343065693430657
Montenegro,2045,795,18,110,0.16058394160583941
Montenegro,2050,814,19,129,0.18832116788321168
Montserrat,2015,6,0,0,0.0
Montserrat,2020,6,0,0,0.0
Montserrat,2025,5,-1,-1,-0.16666666666666666
Montserrat,2030,4,-1,-2,-0.3333333333333333
Montserrat,2035,4,0,-2,-0.3333333333333333
Montserrat,2040,3,-1,-3,-0.5
Montserrat,2045,2,-1,-4,-0.6666666666666666
Montserrat,2050,2,0,-4,-0.6666666666666666
Morocco,2015,34744,0,0,0.0
Morocco,2020,36846,2102,2102,0.06049965461662445
Morocco,2025,38948,2102,4204,0.1209993092332489
Morocco,2030,41050,2102,6306,0.18149896384987335
Morocco,2035,43152,2102,8408,0.2419986184664978
Morocco,2040,45254,2102,10510,0.30249827308312227
Morocco,2045,47356,2102,12612,0.3629979276997467
Morocco,2050,49458,2102,14714,0.4234975823163712
Mozambique,2015,23988,0,0,0.0
Mozambique,2020,25650,1662,1662,0.06928464232116058
Mozambique,2025,27313,1663,3325,0.13861097215274304
Mozambique,2030,28976,1663,4988,0.2079373019843255
Mozambique,2035,30638,1662,6650,0.2772219443054861
Mozambique,2040,32301,1663,8313,0.3465482741370685
Mozambique,2045,33963,1662,9975,0.4158329164582291
Mozambique,2050,35626,1663,11638,0.48515924628981155
Myanmar,2015,56095,0,0,0.0
Myanmar,2020,59229,3134,3134,0.055869507086193065
Myanmar,2025,62363,3134,6268,0.11173901417238613
Myanmar,2030,65498,3135,9403,0.1676263481593725
Myanmar,2035,68632,3134,12537,0.22349585524556556
Myanmar,2040,71766,3134,15671,0.2793653623317586
Myanmar,2045,74901,3135,18806,0.335252696318745
Myanmar,2050,78035,3134,21940,0.39112220340493803
Namibia,2015,2204,0,0,0.0
Namibia,2020,2358,154,154,0.06987295825771325
Namibia,2025,2512,154,308,0.1397459165154265
Namibia,2030,2666,154,462,0.20961887477313976
Namibia,2035,2820,154,616,0.279491833030853
Namibia,2040,2974,154,770,0.34936479128856623
Namibia,2045,3128,154,924,0.4192377495462795
Namibia,2050,3282,154,1078,0.48911070780399274
Nauru,2015,11,0,0,0.0
Nauru,2020,11,0,0,0.0
Nauru,2025,12,1,1,0.09090909090909091
Nauru,2030,12,0,1,0.09090909090909091
Nauru,2035,13,1,2,0.18181818181818182
Nauru,2040,13,0,2,0.18181818181818182
Nauru,2045,14,1,3,0.2727272727272727
Nauru,2050,14,0,3,0.2727272727272727
Nepal,2015,30535,0,0,0.0
Nepal,2020,32601,2066,2066,0.06766006222367775
Nepal,2025,34667,2066,4132,0.1353201244473555
Nepal,2030,36734,2067,6199,0.20301293597511053
Nepal,2035,38800,2066,8265,0.27067299819878826
Nepal,2040,40866,2066,10331,0.338333060422466
Nepal,2045,42933,2067,12398,0.40602587195022105
Nepal,2050,44999,2066,14464,0.4736859341738988
Netherlands,2015,17205,0,0,0.0
Netherlands,2020,17679,474,474,0.027550130775937227
Netherlands,2025,18152,473,947,0.05504213891310666
Netherlands,2030,18625,473,1420,0.08253414705027608
Netherlands,2035,19099,474,1894,0.11008427782621331
Netherlands,2040,19572,473,2367,0.13757628596338273
Netherlands,2045,20045,473,2840,0.16506829410055215
Netherlands,2050,20518,473,3313,0.19256030223772158
New Caledonia,2015,265,0,0,0.0
New Caledonia,2020,283,18,18,0.06792452830188679
New Caledonia,2025,300,17,35,0.1320754716981132
New Caledonia,2030,318,18,53,0.2
New Caledonia,2035,335,17,70,0.2641509433962264
New Caledonia,2040,352,17,87,0.3283018867924528
New Caledonia,2045,370,18,105,0.39622641509433965
New Caledonia,2050,387,17,122,0.46037735849056605
New Zealand,2015,4446,0,0,0.0
New Zealand,2020,4629,183,183,0.04116059379217274
New Zealand,2025,4813,184,367,0.08254610886189834
New Zealand,2030,4996,183,550,0.12370670265407108
New Zealand,2035,5180,184,734,0.16509221772379667
New Zealand,2040,5363,183,917,0.20625281151596941
New Zealand,2045,5547,184,1101,0.247638326585695
New Zealand,2050,5730,183,1284,0.28879892037786775
Nicaragua,2015,5861,0,0,0.0
Nicaragua,2020,6278,417,417,0.07114826821361542
Nicaragua,2025,6694,416,833,0.14212591707899677
Nicaragua,2030,7111,417,1250,0.2132741852926122
Nicaragua,2035,7528,417,1667,0.2844224535062276
Nicaragua,2040,7944,416,2083,0.35540010237160896
Nicaragua,2045,8361,417,2500,0.4265483705852244
Nicaragua,2050,8778,417,2917,0.4976966387988398
Niger,2015,16297,0,0,0.0
Niger,2020,17619,1322,1322,0.0811192243971283
Niger,2025,18941,1322,2644,0.1622384487942566
Niger,2030,20262,1321,3965,0.24329631220470024
Niger,2035,21584,1322,5287,0.32441553660182854
Niger,2040,22906,1322,6609,0.40553476099895686
Niger,2045,24228,1322,7931,0.4866539853960852
Niger,2050,25549,1321,9252,0.5677118488065288
Nigeria,2015,172159,0,0,0.0
Nigeria,2020,185267,13108,13108,0.07613891809315806
Nigeria,2025,198376,13109,26217,0.15228364477024145
Nigeria,2030,211485,13109,39326,0.22842837144732486
Nigeria,2035,224594,13109,52435,0.30457309812440825
Nigeria,2040,237703,13109,65544,0.38071782480149163
Nigeria,2045,250812,13109,78653,0.456862551478575
Nigeria,2050,263921,13109,91762,0.5330072781556584
North Korea,2015,26112,0,0,0.0
North Korea,2020,27433,1321,1321,0.050589767156862746
North Korea,2025,28754,1321,2642,0.10117953431372549
North Korea,2030,30075,1321,3963,0.15176930147058823
North Korea,2035,31396,1321,5284,0.20235906862745098
North Korea,2040,32718,1322,6606,0.2529871323529412
North Korea,2045,34039,1321,7927,0.30357689950980393
North Korea,2050,35360,1321,9248,0.3541666666666667
North Macedonia,2015,2157,0,0,0.0
North Macedonia,2020,2221,64,64,0.0296708391284191
North Macedonia,2025,2284,63,127,0.05887807139545665
North Macedonia,2030,2347,63,190,0.0880853036624942
North Macedonia,2035,2411,64,254,0.1177561427909133
North Macedonia,2040,2474,63,317,0.14696337505795085
North Macedonia,2045,2537,63,380,0.1761706073249884
North Macedonia,2050,2601,64,444,0.20584144645340752
Northern Mariana Islands,2015,66,0,0,0.0
Northern Mariana Islands,2020,72,6,6,0.09090909090909091
Northern Mariana Islands,2025,77,5,11,0.16666666666666666
Northern Mariana Islands,2030,83,6,17,0.25757575757575757
Northern Mariana Islands,2035,89,6,23,0.3484848484848485
Northern Mariana Islands,2040,94,5,28,0.42424242424242425
Northern Mariana Islands,2045,100,6,34,0.5151515151515151
Northern Mariana Islands,2050,106,6,40,0.6060606060606061
Norway,2015,5062,0,0,0.0
Norway,2020,5202,140,140,0.02765705254839984
Norway,2025,5341,139,279,0.05511655472145397
Norway,2030,5481,140,419,0.08277360726985382
Norway,2035,5620,139,558,0.11023310944290794
Norway,2040,5759,139,697,0.13769261161596208
Norway,2045,5899,140,837,0.16534966416436192
Norway,2050,6038,139,976,0.19280916633741604
Oman,2015,3194,0,0,0.0
Oman,2020,3457,263,263,0.08234189104571071
Oman,2025,3719,262,525,0.1643706950532248
Oman,2030,3982,263,788,0.2467125860989355
Oman,2035,4244,262,1050,0.3287413901064496
Oman,2040,4507,263,1313,0.4110832811521603
Oman,2045,4769,262,1575,0.49311208515967436
Oman,2050,5032,263,1838,0.5754539762053851
Pakistan,2015,192427,0,0,0.0
Pakistan,2020,206300,13873,13873,0.07209487234119952
Pakistan,2025,220173,13873,27746,0.14418974468239903
Pakistan,2030,234047,13874,41620,0.21628981379951878
Pakistan,2035,247920,13873,55493,0.28838468614071827
Pakistan,2040,261793,13873,69366,0.3604795584819178
Pakistan,2045,275666,13873,83239,0.43257443082311736
Pakistan,2050,289539,13873,97112,0.5046693031643169
Palau,2015,21,0,0,0.0
Palau,2020,22,1,1,0.047619047619047616
Palau,2025,23,1,2,0.09523809523809523
Palau,2030,24,1,3,0.14285714285714285
Palau,2035,25,1,4,0.19047619047619047
Palau,2040,26,1,5,0.23809523809523808
Palau,2045,28,2,7,0.3333333333333333
Palau,2050,29,1,8,0.38095238095238093
Palestine,2015,4137,0,0,0.0
Palestine,2020,4476,339,339,0.08194343727338652
Palestine,2025,4815,339,678,0.16388687454677303
Palestine,2030,5155,340,1018,0.24607203287406332
Palestine,2035,5494,339,1357,0.32801547014744986
Palestine,2040,5833,339,1696,0.40995890742083635
Palestine,2045,6172,339,2035,0.4919023446942229
Palestine,2050,6511,339,2374,0.5738457819676094
Panama,2015,3596,0,0,0.0
Panama,2020,3825,229,229,0.06368186874304783
Panama,2025,4055,230,459,0.12764182424916573
Panama,2030,4284,229,688,0.19132369299221358
Panama,2035,4514,230,918,0.25528364849833146
Panama,2040,4743,229,1147,0.31896551724137934
Panama,2045,4973,230,1377,0.3829254727474972
Panama,2050,5202,229,1606,0.44660734149054504
Papua New Guinea,2015,6305,0,0,0.0
Papua New Guinea,2020,6765,460,460,0.07295796986518636
Papua New Guinea,2025,7224,459,919,0.1457573354480571
Papua New Guinea,2030,7683,459,1378,0.21855670103092784
Papua New Guinea,2035,8142,459,1837,0.2913560666137986
Papua New Guinea,2040,8601,459,2296,0.3641554321966693
Papua New Guinea,2045,9060,459,2755,0.43695479777954005
Papua New Guinea,2050,9519,459,3214,0.5097541633624108
Paraguay,2015,6629,0,0,0.0
Paraguay,2020,7087,458,458,0.06909036053703424
Paraguay,2025,7545,458,916,0.13818072107406848
Paraguay,2030,8003,458,1374,0.20727108161110272
Paraguay,2035,8461,458,1832,0.27636144214813696
Paraguay,2040,8919,458,2290,0.3454518026851712
Paraguay,2045,9377,458,2748,0.41454216322220544
Paraguay,2050,9835,458,3206,0.4836325237592397
Peru,2015,30787,0,0,0.0
Peru,2020,32699,1912,1912,0.062104134862117126
Peru,2025,34612,1913,3825,0.12424075096631695
Peru,2030,36524,1912,5737,0.1863448858284341
Peru,2035,38437,1913,7650,0.2484815019326339
Peru,2040,40349,1912,9562,0.31058563679475104
Peru,2045,42262,1913,11475,0.37272225289895083
Peru,2050,44174,1912,13387,0.43482638776106797
Philippines,2015,97959,0,0,0.0
Philippines,2020,104722,6763,6763,0.06903908778162292
Philippines,2025,111485,6763,13526,0.13807817556324584
Philippines,2030,118248,6763,20289,0.20711726334486877
Philippines,2035,125011,6763,27052,0.2761563511264917
Philippines,2040,131775,6764,33816,0.3452056472605886
Philippines,2045,138538,6763,40579,0.41424473504221154
Philippines,2050,145301,6763,47342,0.4832838228238345
Poland,2015,40196,0,0,0.0
Poland,2020,40987,791,791,0.019678574982585333
Poland,2025,41779,792,1583,0.03938202806249378
Poland,2030,42570,791,2374,0.05906060304507911
Poland,2035,43361,791,3165,0.07873917802766445
Poland,2040,44152,791,3956,0.09841775301024977
Poland,2045,44943,791,4747,0.1180963279928351
Poland,2050,45734,791,5538,0.13777490297542044
Portugal,2015,10773,0,0,0.0
Portugal,2020,10938,165,165,0.015316067947646894
Portugal,2025,11102,164,329,0.030539311241065625
Portugal,2030,11267,165,494,0.04585537918871252
Portugal,2035,11432,165,659,0.061171447136359414
Portugal,2040,11596,164,823,0.07639469042977814
Portugal,2045,11761,165,988,0.09171075837742504
Portugal,2050,11925,164,1152,0.10693400167084377
Puerto Rico,2015,3889,0,0,0.0
Puerto Rico,2020,4005,116,116,0.02982771920802263
Puerto Rico,2025,4122,117,233,0.059912573926459246
Puerto Rico,2030,4239,117,350,0.08999742864489586
Puerto Rico,2035,4355,116,466,0.11982514785291849
Puerto Rico,2040,4472,117,583,0.14991000257135512
Puerto Rico,2045,4589,117,700,0.17999485728979173
Puerto Rico,2050,4706,117,817,0.21007971200822834
Qatar,2015,1586,0,0,0.0
Qatar,2020,1759,173,173,0.10907944514501891
Qatar,2025,1932,173,346,0.21815889029003782
Qatar,2030,2105,173,519,0.32723833543505676
Qatar,2035,2278,173,692,0.43631778058007564
Qatar,2040,2450,172,864,0.544766708701135
Qatar,2045,2623,173,1037,0.6538461538461539
Qatar,2050,2796,173,1210,0.7629255989911727
Republic of the Congo,2015,4281,0,0,0.0
Republic of the Congo,2020,4623,342,342,0.07988787666433077
Republic of the Congo,2025,4964,341,683,0.1595421630460173
Republic of the Congo,2030,5305,341,1024,0.2391964494277038
Republic of the Congo,2035,5646,341,1365,0.31885073580939033
Republic of the Congo,2040,5987,341,1706,0.39850502219107686
Republic of the Congo,2045,6328,341,2047,0.4781593085727634
Republic of the Congo,2050,6669,341,2388,0.5578135949544499
Romania,2015,22919,0,0,0.0
Romania,2020,23191,272,272,0.011867882542868363
Romania,2025,23462,271,543,0.02369213316462324
Romania,2030,23734,272,815,0.0355600157074916
Romania,2035,24005,271,1086,0.04738426632924648
Romania,2040,24277,272,1358,0.059252148872114836
Romania,2045,24548,271,1629,0.07107639949386972
Romania,2050,24819,271,1900,0.08290065011562459
Russia,2015,151332,0,0,0.0
Russia,2020,153527,2195,2195,0.014504533079586605
Russia,2025,155721,2194,4389,0.029002458171437633
Russia,2030,157916,2195,6584,0.04350699125102424
Russia,2035,160110,2194,8778,0.058004916342875266
Russia,2040,162304,2194,10972,0.0725028414347263
Russia,2045,164499,2195,13167,0.0870073745143129
Russia,2050,166693,2194,15361,0.10150529960616393
Rwanda,2015,11544,0,0,0.0
Rwanda,2020,12421,877,877,0.07597020097020098
Rwanda,2025,13297,876,1753,0.15185377685377685
Rwanda,2030,14174,877,2630,0.2278239778239778
Rwanda,2035,15051,877,3507,0.3037941787941788
Rwanda,2040,15927,876,4383,0.37967775467775466
Rwanda,2045,16804,877,5260,0.4556479556479556
Rwanda,2050,17681,877,6137,0.5316181566181566
Saint Barthélemy,2015,8,0,0,0.0
Saint Barthélemy,2020,8,0,0,0.0
Saint Barthélemy,2025,9,1,1,0.125
Saint Barthélemy,2030,9,0,1,0.125
Saint Barthélemy,2035,10,1,2,0.25
Saint Barthélemy,2040,10,0,2,0.25
Saint Barthélemy,2045,11,1,3,0.375
Saint Barthélemy,2050,11,0,3,0.375
"Saint Helena, Ascension and Tristan da Cunha",2015,8,0,0,0.0
"Saint Helena, Ascension and Tristan da Cunha",2020,8,0,0,0.0
"Saint Helena, Ascension and Tristan da Cunha",2025,8,0,0,0.0
"Saint Helena, Ascension and Tristan da Cunha",2030,8,0,0,0.0
"Saint Helena, Ascension and Tristan da Cunha",2035,8,0,0,0.0
"Saint Helena, Ascension and Tristan da Cunha",2040,9,1,1,0.125
"Saint Helena, Ascension and Tristan da Cunha",2045,9,0,1,0.125
"Saint Helena, Ascension and Tristan da Cunha",2050,9,0,1,0.125
Saint Kitts and Nevis,2015,47,0,0,0.0
Saint Kitts and Nevis,2020,47,0,0,0.0
Saint Kitts and Nevis,2025,47,0,0,0.0
Saint Kitts and Nevis,2030,47,0,0,0.0
Saint Kitts and Nevis,2035,48,1,1,0.02127659574468085
Saint Kitts and Nevis,2040,48,0,1,0.02127659574468085
Saint Kitts and Nevis,2045,48,0,1,0.02127659574468085
Saint Kitts and Nevis,2050,48,0,1,0.02127659574468085
Saint Lucia,2015,169,0,0,0.0
Saint Lucia,2020,176,7,7,0.04142011834319527
Saint Lucia,2025,183,7,14,0.08284023668639054
Saint Lucia,2030,190,7,21,0.1242603550295858
Saint Lucia,2035,197,7,28,0.16568047337278108
Saint Lucia,2040,204,7,35,0.20710059171597633
Saint Lucia,2045,211,7,42,0.2485207100591716
Saint Lucia,2050,218,7,49,0.28994082840236685
Saint Martin,2015,35,0,0,0.0
Saint Martin,2020,38,3,3,0.08571428571428572
Saint Martin,2025,41,3,6,0.17142857142857143
Saint Martin,2030,44,3,9,0.2571428571428571
Saint Martin,2035,47,3,12,0.34285714285714286
Saint Martin,2040,50,3,15,0.42857142857142855
Saint Martin,2045,53,3,18,0.5142857142857142
Saint Martin,2050,56,3,21,0.6
Saint Pierre and Miquelon,2015,6,0,0,0.0
Saint Pierre and Miquelon,2020,6,0,0,0.0
Saint Pierre and Miquelon,2025,7,1,1,0.16666666666666666
Saint Pierre and Miquelon,2030,7,0,1,0.16666666666666666
Saint Pierre and Miquelon,2035,7,0,1,0.16666666666666666
Saint Pierre and Miquelon,2040,7,0,1,0.16666666666666666
Saint Pierre and Miquelon,2045,7,0,1,0.16666666666666666
Saint Pierre and Miquelon,2050,7,0,1,0.16666666666666666
Saint Vincent and the Grenadines,2015,110,0,0,0.0
Saint Vincent and the Grenadines,2020,112,2,2,0.01818181818181818
Saint Vincent and the Grenadines,2025,114,2,4,0.03636363636363636
Saint Vincent and the Grenadines,2030,116,2,6,0.05454545454545454
Saint Vincent and the Grenadines,2035,119,3,9,0.08181818181818182
Saint Vincent and the Grenadines,2040,121,2,11,0.1
Saint Vincent and the Grenadines,2045,123,2,13,0.11818181818181818
Saint Vincent and the Grenadines,2050,125,2,15,0.13636363636363635
Samoa,2015,199,0,0,0.0
Samoa,2020,206,7,7,0.035175879396984924
Samoa,2025,213,7,14,0.07035175879396985
Samoa,2030,220,7,21,0.10552763819095477
Samoa,2035,227,7,28,0.1407035175879397
Samoa,2040,234,7,35,0.17587939698492464
Samoa,2045,241,7,42,0.21105527638190955
Samoa,2050,248,7,49,0.24623115577889448
San Marino,2015,32,0,0,0.0
San Marino,2020,34,2,2,0.0625
San Marino,2025,35,1,3,0.09375
San Marino,2030,37,2,5,0.15625
San Marino,2035,38,1,6,0.1875
San Marino,2040,40,2,8,0.25
San Marino,2045,41,1,9,0.28125
San Marino,2050,43,2,11,0.34375
Saudi Arabia,2015,27306,0,0,0.0
Saudi Arabia,2020,29570,2264,2264,0.08291218047315609
Saudi Arabia,2025,31833,2263,4527,0.16578773895847065
Saudi Arabia,2030,34096,2263,6790,0.24866329744378524
Saudi Arabia,2035,36360,2264,9054,0.3315754779169413
Saudi Arabia,2040,38623,2263,11317,0.4144510364022559
Saudi Arabia,2045,40887,2264,13581,0.497363216875412
Saudi Arabia,2050,43150,2263,15844,0.5802387753607265
Senegal,2015,13147,0,0,0.0
Senegal,2020,14145,998,998,0.07591085418726706
Senegal,2025,15143,998,1996,0.15182170837453413
Senegal,2030,16141,998,2994,0.22773256256180116
Senegal,2035,17139,998,3992,0.30364341674906825
Senegal,2040,18137,998,4990,0.37955427093633526
Senegal,2045,19136,999,5989,0.4555411881037499
Senegal,2050,20134,998,6987,0.531452042291017
Serbia,2015,7570,0,0,0.0
Serbia,2020,7604,34,34,0.004491413474240423
Serbia,2025,7639,35,69,0.009114927344782035
Serbia,2030,7673,34,103,0.013606340819022457
Serbia,2035,7708,35,138,0.01822985468956407
Serbia,2040,7742,34,172,0.02272126816380449
Serbia,2045,7777,35,207,0.027344782034346104
Serbia,2050,7811,34,241,0.031836195508586525
Seychelles,2015,92,0,0,0.0
Seychelles,2020,97,5,5,0.05434782608695652
Seychelles,2025,101,4,9,0.09782608695652174
Seychelles,2030,105,4,13,0.14130434782608695
Seychelles,2035,110,5,18,0.1956521739130435
Seychelles,2040,114,4,22,0.2391304347826087
Seychelles,2045,119,5,27,0.29347826086956524
Seychelles,2050,123,4,31,0.33695652173913043
Sierra Leone,2015,5723,0,0,0.0
Sierra Leone,2020,6050,327,327,0.05713786475624672
Sierra Leone,2025,6377,327,654,0.11427572951249344
Sierra Leone,2030,6704,327,981,0.17141359426874017
Sierra Leone,2035,7031,327,1308,0.22855145902498689
Sierra Leone,2040,7359,328,1636,0.2858640573125983
Sierra Leone,2045,7686,327,1963,0.343001922068845
Sierra Leone,2050,8013,327,2290,0.4001397868250917
Singapore,2015,5301,0,0,0.0
Singapore,2020,5671,370,370,0.06979815129220902
Singapore,2025,6041,370,740,0.13959630258441805
Singapore,2030,6410,369,1109,0.20920581022448595
Singapore,2035,6780,370,1479,0.279003961516695
Singapore,2040,7150,370,1849,0.348802112808904
Singapore,2045,7519,369,2218,0.4184116204489719
Singapore,2050,7889,370,2588,0.4882097717411809
Sint Maarten,2015,42,0,0,0.0
Sint Maarten,2020,46,4,4,0.09523809523809523
Sint Maarten,2025,50,4,8,0.19047619047619047
Sint Maarten,2030,53,3,11,0.2619047619047619
Sint Maarten,2035,57,4,15,0.35714285714285715
Sint Maarten,2040,61,4,19,0.4523809523809524
Sint Maarten,2045,65,4,23,0.5476190476190477
Sint Maarten,2050,68,3,26,0.6190476190476191
Slovakia,2015,5661,0,0,0.0
Slovakia,2020,5782,121,121,0.021374315491962552
Slovakia,2025,5904,122,243,0.04292527821939587
Slovakia,2030,6025,121,364,0.06429959371135842
Slovakia,2035,6147,122,486,0.08585055643879173
Slovakia,2040,6268,121,607,0.10722487193075428
Slovakia,2045,6390,122,729,0.1287758346581876
Slovakia,2050,6511,121,850,0.15015015015015015
Slovenia,2015,2070,0,0,0.0
Slovenia,2020,2110,40,40,0.01932367149758454
Slovenia,2025,2150,40,80,0.03864734299516908
Slovenia,2030,2189,39,119,0.05748792270531401
Slovenia,2035,2229,40,159,0.07681159420289856
Slovenia,2040,2269,40,199,0.09613526570048309
Slovenia,2045,2308,39,238,0.11497584541062802
Slovenia,2050,2348,40,278,0.13429951690821257
Solomon Islands,2015,586,0,0,0.0
Solomon Islands,2020,633,47,47,0.08020477815699659
Solomon Islands,2025,679,46,93,0.15870307167235495
Solomon Islands,2030,726,47,140,0.23890784982935154
Solomon Islands,2035,773,47,187,0.3191126279863481
Solomon Islands,2040,820,47,234,0.3993174061433447
Solomon Islands,2045,866,46,280,0.4778156996587031
Solomon Islands,2050,913,47,327,0.5580204778156996
Somalia,2015,10388,0,0,0.0
Somalia,2020,11108,720,720,0.0693107431651906
Somalia,2025,11829,721,1441,0.13871775125144398
Somalia,2030,12549,720,2161,0.20802849441663457
Somalia,2035,13270,721,2882,0.27743550250288795
Somalia,2040,13990,720,3602,0.34674624566807855
Somalia,2045,14711,721,4323,0.41615325375433193
Somalia,2050,15432,721,5044,0.4855602618405853
South Africa,2015,54370,0,0,0.0
South Africa,2020,57797,3427,3427,0.06303108331800625
South Africa,2025,61225,3428,6855,0.1260805591318742
South Africa,2030,64653,3428,10283,0.18913003494574213
South Africa,2035,68081,3428,13711,0.2521795107596101
South Africa,2040,71509,3428,17139,0.31522898657347803
South Africa,2045,74937,3428,20567,0.37827846238734597
South Africa,2050,78365,3428,23995,0.4413279382012139
South Korea,2015,51471,0,0,0.0
South Korea,2020,53593,2122,2122,0.041227098754638536
South Korea,2025,55715,2122,4244,0.08245419750927707
South Korea,2030,57836,2121,6365,0.12366186784791436
South Korea,2035,59958,2122,8487,0.1648889666025529
South Korea,2040,62080,2122,10609,0.20611606535719143
South Korea,2045,64202,2122,12731,0.24734316411182997
South Korea,2050,66323,2121,14852,0.28855083445046725
South Sudan,2015,10683,0,0,0.0
South Sudan,2020,11544,861,861,0.08059533838809323
South Sudan,2025,12405,861,1722,0.16119067677618645
South Sudan,2030,13265,860,2582,0.24169240849948517
South Sudan,2035,14126,861,3443,0.3222877468875784
South Sudan,2040,14987,861,4304,0.4028830852756716
South Sudan,2045,15848,861,5165,0.48347842366376487
South Sudan,2050,16709,861,6026,0.5640737620518581
Spain,2015,47388,0,0,0.0
Spain,2020,48910,1522,1522,0.03211783573900565
Spain,2025,50432,1522,3044,0.0642356714780113
Spain,2030,51954,1522,4566,0.09635350721701696
Spain,2035,53476,1522,6088,0.1284713429560226
Spain,2040,54998,1522,7610,0.16058917869502828
Spain,2045,56521,1523,9133,0.19272811682282434
Spain,2050,58043,1522,10655,0.22484595256183
Sri Lanka,2015,22168,0,0,0.0
Sri Lanka,2020,23240,1072,1072,0.048357993504150126
Sri Lanka,2025,24313,1073,2145,0.09676109707686756
Sri Lanka,2030,25385,1072,3217,0.14511909058101768
Sri Lanka,2035,26457,1072,4289,0.1934770840851678
Sri Lanka,2040,27529,1072,5361,0.24183507758931794
Sri Lanka,2045,28602,1073,6434,0.29023818116203537
Sri Lanka,2050,29674,1072,7506,0.33859617466618547
Sudan,2015,35809,0,0,0.0
Sudan,2020,38551,2742,2742,0.07657292859337038
Sudan,2025,41294,2743,5485,0.1531737831271468
Sudan,2030,44037,2743,8228,0.22977463766092324
Sudan,2035,46779,2742,10970,0.3063475662542936
Sudan,2040,49522,2743,13713,0.38294842078807007
Sudan,2045,52265,2743,16456,0.4595492753218465
Sudan,2050,55007,2742,19198,0.5361222039152168
Suriname,2015,552,0,0,0.0
Suriname,2020,576,24,24,0.043478260869565216
Suriname,2025,600,24,48,0.08695652173913043
Suriname,2030,624,24,72,0.13043478260869565
Suriname,2035,648,24,96,0.17391304347826086
Suriname,2040,672,24,120,0.21739130434782608
Suriname,2045,696,24,144,0.2608695652173913
Suriname,2050,720,24,168,0.30434782608695654
Sweden,2015,9730,0,0,0.0
Sweden,2020,9934,204,204,0.020966084275436794
Sweden,2025,10137,203,407,0.04182939362795478
Sweden,2030,10341,204,611,0.06279547790339157
Sweden,2035,10544,203,814,0.08365878725590956
Sweden,2040,10748,204,1018,0.10462487153134635
Sweden,2045,10952,204,1222,0.12559095580678314
Sweden,2050,11155,203,1425,0.14645426515930113
Switzerland,2015,8041,0,0,0.0
Switzerland,2020,8264,223,223,0.02773286904613854
Switzerland,2025,8488,224,447,0.055590100733739586
Switzerland,2030,8711,223,670,0.08332296977987813
Switzerland,2035,8934,223,893,0.11105583882601666
Switzerland,2040,9157,223,1116,0.1387887078721552
Switzerland,2045,9381,224,1340,0.16664593955975626
Switzerland,2050,9604,223,1563,0.1943788086058948
Syria,2015,20703,0,0,0.0
Syria,2020,22282,1579,1579,0.0762691397382022
Syria,2025,23861,1579,3158,0.1525382794764044
Syria,2030,25440,1579,4737,0.22880741921460657
Syria,2035,27019,1579,6316,0.3050765589528088
Syria,2040,28598,1579,7895,0.381345698691011
Syria,2045,30177,1579,9474,0.45761483842921313
Syria,2050,31756,1579,11053,0.5338839781674154
São Tomé and Príncipe,2015,184,0,0,0.0
São Tomé and Príncipe,2020,196,12,12,0.06521739130434782
São Tomé and Príncipe,2025,208,12,24,0.13043478260869565
São Tomé and Príncipe,2030,221,13,37,0.20108695652173914
São Tomé and Príncipe,2035,233,12,49,0.266304347826087
São Tomé and Príncipe,2040,245,12,61,0.33152173913043476
São Tomé and Príncipe,2045,257,12,73,0.3967391304347826
São Tomé and Príncipe,2050,269,12,85,0.46195652173913043
Taiwan,2015,24600,0,0,0.0
Taiwan,2020,25682,1082,1082,0.043983739837398374
Taiwan,2025,26764,1082,2164,0.08796747967479675
Taiwan,2030,27846,1082,3246,0.13195121951219513
Taiwan,2035,28928,1082,4328,0.1759349593495935
Taiwan,2040,30010,1082,5410,0.21991869918699186
Taiwan,2045,31092,1082,6492,0.26390243902439026
Taiwan,2050,32174,1082,7574,0.3078861788617886
Tajikistan,2015,8058,0,0,0.0
Tajikistan,2020,8622,564,564,0.06999255398361877
Tajikistan,2025,9187,565,1129,0.14010920824025813
Tajikistan,2030,9751,564,1693,0.2101017622238769
Tajikistan,2035,10316,565,2258,0.28021841648051626
Tajikistan,2040,10880,564,2822,0.350210970464135
Tajikistan,2045,11444,564,3386,0.4202035244477538
Tajikistan,2050,12009,565,3951,0.49032017870439315
Tanzania,2015,47751,0,0,0.0
Tanzania,2020,51594,3843,3843,0.08047998994785449
Tanzania,2025,55436,3842,7685,0.1609390379259073
Tanzania,2030,59279,3843,11528,0.2414190278737618
Tanzania,2035,63121,3842,15370,0.3218780758518146
Tanzania,2040,66963,3842,19212,0.4023371238298674
Tanzania,2045,70806,3843,23055,0.4828171137777219
Tanzania,2050,74648,3842,26897,0.5632761617557748
Thailand,2015,71197,0,0,0.0
Thailand,2020,74873,3676,3676,0.0516313889630181
Thailand,2025,78549,3676,7352,0.1032627779260362
Thailand,2030,82225,3676,11028,0.1548941668890543
Thailand,2035,85901,3676,14704,0.2065255558520724
Thailand,2040,89577,3676,18380,0.25815694481509055
Thailand,2045,93253,3676,22056,0.3097883337781086
Thailand,2050,96930,3677,25733,0.3614337682767532
Timor-Leste,2015,1161,0,0,0.0
Timor-Leste,2020,1229,68,68,0.05857019810508183
Timor-Leste,2025,1296,67,135,0.11627906976744186
Timor-Leste,2030,1363,67,202,0.1739879414298019
Timor-Leste,2035,1430,67,269,0.23169681309216192
Timor-Leste,2040,1497,67,336,0.28940568475452194
Timor-Leste,2045,1564,67,403,0.347114556416882
Timor-Leste,2050,1632,68,471,0.40568475452196384
Togo,2015,7043,0,0,0.0
Togo,2020,7618,575,575,0.08164134601732216
Togo,2025,8194,576,1151,0.16342467698423968
Togo,2030,8769,575,1726,0.24506602300156183
Togo,2035,9344,575,2301,0.326707369018884
Togo,2040,9920,576,2877,0.4084906999858015
Togo,2045,10495,575,3452,0.49013204600312366
Togo,2050,11070,575,4027,0.5717733920204459
Tonga,2015,110,0,0,0.0
Tonga,2020,113,3,3,0.02727272727272727
Tonga,2025,116,3,6,0.05454545454545454
Tonga,2030,120,4,10,0.09090909090909091
Tonga,2035,123,3,13,0.11818181818181818
Tonga,2040,126,3,16,0.14545454545454545
Tonga,2045,129,3,19,0.17272727272727273
Tonga,2050,133,4,23,0.20909090909090908
Trinidad and Tobago,2015,1311,0,0,0.0
Trinidad and Tobago,2020,1346,35,35,0.02669717772692601
Trinidad and Tobago,2025,1381,35,70,0.05339435545385202
Trinidad and Tobago,2030,1416,35,105,0.08009153318077804
Trinidad and Tobago,2035,1451,35,140,0.10678871090770405
Trinidad and Tobago,2040,1486,35,175,0.13348588863463004
Trinidad and Tobago,2045,1521,35,210,0.16018306636155608
Trinidad and Tobago,2050,1555,34,244,0.18611746758199849
Tunisia,2015,11186,0,0,0.0
Tunisia,2020,11840,654,654,0.058465939567316286
Tunisia,2025,12494,654,1308,0.11693187913463257
Tunisia,2030,13148,654,1962,0.17539781870194887
Tunisia,2035,13802,654,2616,0.23386375826926514
Tunisia,2040,14455,653,3269,0.29224030037546933
Tunisia,2045,15109,654,3923,0.3507062399427856
Tunisia,2050,15763,654,4577,0.40917217951010193
Turkey,2015,78761,0,0,0.0
Turkey,2020,83429,4668,4668,0.05926791178375084
Turkey,2025,88098,4669,9337,0.11854852020670129
Turkey,2030,92767,4669,14006,0.17782912862965172
Turkey,2035,97436,4669,18675,0.2371097370526022
Turkey,2040,102104,4668,23343,0.29637764883635304
Turkey,2045,106773,4669,28012,0.35565825725930345
Turkey,2050,111442,4669,32681,0.4149388656822539
Turkmenistan,2015,5475,0,0,0.0
Turkmenistan,2020,5838,363,363,0.0663013698630137
Turkmenistan,2025,6201,363,726,0.1326027397260274
Turkmenistan,2030,6563,362,1088,0.19872146118721462
Turkmenistan,2035,6926,363,1451,0.26502283105022834
Turkmenistan,2040,7289,363,1814,0.331324200913242
Turkmenistan,2045,7652,363,2177,0.3976255707762557
Turkmenistan,2050,8015,363,2540,0.4639269406392694
Turks and Caicos Islands,2015,38,0,0,0.0
Turks and Caicos Islands,2020,41,3,3,0.07894736842105263
Turks and Caicos Islands,2025,45,4,7,0.18421052631578946
Turks and Caicos Islands,2030,49,4,11,0.2894736842105263
Turks and Caicos Islands,2035,53,4,15,0.39473684210526316
Turks and Caicos Islands,2040,56,3,18,0.47368421052631576
Turks and Caicos Islands,2045,60,4,22,0.5789473684210527
Turks and Caicos Islands,2050,64,4,26,0.6842105263157895
Tuvalu,2015,12,0,0,0.0
Tuvalu,2020,12,0,0,0.0
Tuvalu,2025,13,1,1,0.08333333333333333
Tuvalu,2030,13,0,1,0.08333333333333333
Tuvalu,2035,14,1,2,0.16666666666666666
Tuvalu,2040,14,0,2,0.16666666666666666
Tuvalu,2045,15,1,3,0.25
Tuvalu,2050,16,1,4,0.3333333333333333
Uganda,2015,34070,0,0,0.0
Uganda,2020,36892,2822,2822,0.08282946874082771
Uganda,2025,39713,2821,5643,0.16562958614616966
Uganda,2030,42535,2822,8465,0.24845905488699735
Uganda,2035,45357,2822,11287,0.33128852362782507
Uganda,2040,48178,2821,14108,0.414088641033167
Uganda,2045,51000,2822,16930,0.4969181097739947
Uganda,2050,53822,2822,19752,0.5797475785148224
Ukraine,2015,48552,0,0,0.0
Ukraine,2020,48661,109,109,0.0022450156533201514
Ukraine,2025,48770,109,218,0.004490031306640303
Ukraine,2030,48879,109,327,0.006735046959960455
Ukraine,2035,48988,109,436,0.008980062613280606
Ukraine,2040,49097,109,545,0.011225078266600758
Ukraine,2045,49206,109,654,0.01347009391992091
Ukraine,2050,49315,109,763,0.01571510957324106
United Arab Emirates,2015,5072,0,0,0.0
United Arab Emirates,2020,5605,533,533,0.10508675078864353
United Arab Emirates,2025,6137,532,1065,0.2099763406940063
United Arab Emirates,2030,6670,533,1598,0.3150630914826498
United Arab Emirates,2035,7202,532,2130,0.4199526813880126
United Arab Emirates,2040,7734,532,2662,0.5248422712933754
United Arab Emirates,2045,8267,533,3195,0.629929022082019
United Arab Emirates,2050,8799,532,3727,0.7348186119873817
United Kingdom,2015,63118,0,0,0.0
United Kingdom,2020,64067,949,949,0.015035330650527583
United Kingdom,2025,65016,949,1898,0.030070661301055165
United Kingdom,2030,65964,948,2846,0.04509014861053899
United Kingdom,2035,66913,949,3795,0.060125479261066574
United Kingdom,2040,67862,949,4744,0.07516080991159416
United Kingdom,2045,68810,948,5692,0.09018029722107798
United Kingdom,2050,69759,949,6641,0.10521562787160556
United States,2015,318646,0,0,0.0
United States,2020,331472,12826,12826,0.04025156443200291
United States,2025,344299,12827,25653,0.08050626714284817
United States,2030,357126,12827,38480,0.12076096985369345
United States,2035,369953,12827,51307,0.1610156725645387
United States,2040,382779,12826,64133,0.20126723699654162
United States,2045,395606,12827,76960,0.2415219397073869
United States,2050,408433,12827,89787,0.28177664241823214
United States Virgin Islands,2015,121,0,0,0.0
United States Virgin Islands,2020,126,5,5,0.04132231404958678
United States Virgin Islands,2025,132,6,11,0.09090909090909091
United States Virgin Islands,2030,138,6,17,0.14049586776859505
United States Virgin Islands,2035,144,6,23,0.19008264462809918
United States Virgin Islands,2040,149,5,28,0.23140495867768596
United States Virgin Islands,2045,155,6,34,0.2809917355371901
United States Virgin Islands,2050,161,6,40,0.3305785123966942
Uruguay,2015,3394,0,0,0.0
Uruguay,2020,3463,69,69,0.020329994107248086
Uruguay,2025,3532,69,138,0.04065998821449617
Uruguay,2030,3600,68,206,0.06069534472598703
Uruguay,2035,3669,69,275,0.08102533883323512
Uruguay,2040,3738,69,344,0.10135533294048321
Uruguay,2045,3807,69,413,0.12168532704773129
Uruguay,2050,3876,69,482,0.14201532115497936
Uzbekistan,2015,29751,0,0,0.0
Uzbekistan,2020,31684,1933,1933,0.06497260596282478
Uzbekistan,2025,33617,1933,3866,0.12994521192564956
Uzbekistan,2030,35551,1934,5800,0.19495143020402675
Uzbekistan,2035,37484,1933,7733,0.25992403616685156
Uzbekistan,2040,39417,1933,9666,0.32489664212967634
Uzbekistan,2045,41351,1934,11600,0.3899028604080535
Uzbekistan,2050,43284,1933,13533,0.4548754663708783
Vanuatu,2015,259,0,0,0.0
Vanuatu,2020,278,19,19,0.07335907335907337
Vanuatu,2025,297,19,38,0.14671814671814673
Vanuatu,2030,317,20,58,0.22393822393822393
Vanuatu,2035,336,19,77,0.2972972972972973
Vanuatu,2040,355,19,96,0.37065637065637064
Vanuatu,2045,374,19,115,0.444015444015444
Vanuatu,2050,393,19,134,0.5173745173745173
Venezuela,2015,29276,0,0,0.0
Venezuela,2020,31301,2025,2025,0.06916928542150567
Venezuela,2025,33326,2025,4050,0.13833857084301135
Venezuela,2030,35351,2025,6075,0.207507856264517
Venezuela,2035,37376,2025,8100,0.2766771416860227
Venezuela,2040,39401,2025,10125,0.34584642710752833
Venezuela,2045,41426,2025,12150,0.415015712529034
Venezuela,2050,43450,2024,14174,0.4841508402787266
Vietnam,2015,94843,0,0,0.0
Vietnam,2020,100595,5752,5752,0.06064759655430554
Vietnam,2025,106347,5752,11504,0.12129519310861107
Vietnam,2030,112099,5752,17256,0.1819427896629166
Vietnam,2035,117851,5752,23008,0.24259038621722215
Vietnam,2040,123603,5752,28760,0.3032379827715277
Vietnam,2045,129355,5752,34512,0.3638855793258332
Vietnam,2050,135107,5752,40264,0.4245331758801388
Wallis and Futuna,2015,16,0,0,0.0
Wallis and Futuna,2020,17,1,1,0.0625
Wallis and Futuna,2025,18,1,2,0.125
Wallis and Futuna,2030,19,1,3,0.1875
Wallis and Futuna,2035,20,1,4,0.25
Wallis and Futuna,2040,20,0,4,0.25
Wallis and Futuna,2045,21,1,5,0.3125
Wallis and Futuna,2050,22,1,6,0.375
Western Sahara,2015,517,0,0,0.0
Western Sahara,2020,568,51,51,0.09864603481624758
Western Sahara,2025,618,50,101,0.195357833655706
Western Sahara,2030,669,51,152,0.2940038684719536
Western Sahara,2035,719,50,202,0.390715667311412
Western Sahara,2040,770,51,253,0.48936170212765956
Western Sahara,2045,820,50,303,0.586073500967118
Western Sahara,2050,871,51,354,0.6847195357833655
World,2015,7232379,0,0,0.0
World,2020,7621168,388789,388789,0.05375672375576557
World,2025,8009957,388789,777578,0.10751344751153113
World,2030,8398747,388790,1166368,0.16127030953438695
World,2035,8787536,388789,1555157,0.21502703329015252
World,2040,9176325,388789,1943946,0.26878375704591806
World,2045,9565115,388790,2332736,0.3225406190687739
World,2050,9953904,388789,2721525,0.37629734282453947
Yemen,2015,24242,0,0,0.0
Yemen,2020,26179,1937,1937,0.07990264829634519
Yemen,2025,28117,1938,3875,0.159846547314578
Yemen,2030,30054,1937,5812,0.2397491956109232
Yemen,2035,31992,1938,7750,0.319693094629156
Yemen,2040,33930,1938,9688,0.3996369936473888
Yemen,2045,35867,1937,11625,0.479539641943734
Yemen,2050,37805,1938,13563,0.5594835409619668
Zambia,2015,14196,0,0,0.0
Zambia,2020,15323,1127,1127,0.07938856015779093
Zambia,2025,16450,1127,2254,0.15877712031558186
Zambia,2030,17577,1127,3381,0.23816568047337278
Zambia,2035,18704,1127,4508,0.3175542406311637
Zambia,2040,19831,1127,5635,0.3969428007889546
Zambia,2045,20958,1127,6762,0.47633136094674555
Zambia,2050,22085,1127,7889,0.5557199211045365
Zimbabwe,2015,14522,0,0,0.0
Zimbabwe,2020,15509,987,987,0.06796584492494147
Zimbabwe,2025,16495,986,1973,0.13586282881145847
Zimbabwe,2030,17481,986,2959,0.2037598126979755
Zimbabwe,2035,18467,986,3945,0.2716567965844925
Zimbabwe,2040,19453,986,4931,0.3395537804710095
Zimbabwe,2045,20439,986,5917,0.40745076435752653
Zimbabwe,2050,21425,986,6903,0.4753477482440435
